sensor_data_id,crane_id,component_id,timestamp,temperature,vibration,load,motor_current,hydraulic_pressure,runtime_hours,ambient_temperature,temp_rolling_avg,vib_rolling_avg,health_label,RUL
SD-00001,CR-001,CMP-001,2026-08-17 12:30,62.75,0.343,23.9,35.0,148.8,1003.6,27.5,62.75,0.343,Normal,1200
SD-00002,CR-001,CMP-001,2026-08-17 16:06,64.37,0.388,20.6,33.1,147.7,1007.2,27.1,64.37,0.388,Normal,1195
SD-00003,CR-001,CMP-001,2026-08-17 19:42,62.36,0.254,16.8,30.9,144.9,1010.8,28.6,62.36,0.254,Normal,1190
SD-00004,CR-001,CMP-001,2026-08-17 23:18,60.64,0.279,26.4,31.5,150.3,1014.4,25.2,60.64,0.279,Normal,1185
SD-00005,CR-001,CMP-001,2026-08-18 02:54,61.18,0.356,18.5,32.8,147.0,1018.0,27.4,61.18,0.356,Normal,1180
SD-00006,CR-001,CMP-001,2026-08-18 06:30,61.1,0.443,22.0,29.9,154.1,1021.6,25.6,61.1,0.443,Normal,1175
SD-00007,CR-001,CMP-001,2026-08-18 10:06,62.31,0.252,18.0,32.4,153.7,1025.2,28.3,62.31,0.252,Normal,1170
SD-00008,CR-001,CMP-001,2026-08-18 13:42,61.83,0.335,17.6,30.6,147.7,1028.8,30.1,61.83,0.335,Normal,1165
SD-00009,CR-001,CMP-001,2026-08-18 17:18,62.52,0.262,23.0,31.2,146.6,1032.4,29.2,62.52,0.262,Normal,1160
SD-00010,CR-001,CMP-001,2026-08-18 20:54,63.55,0.397,19.5,31.4,151.7,1036.0,30.0,63.55,0.397,Normal,1155
SD-00011,CR-001,CMP-001,2026-08-19 00:30,61.28,0.341,18.7,29.6,154.1,1039.6,30.7,61.28,0.341,Normal,1150
SD-00012,CR-001,CMP-001,2026-08-19 04:06,61.89,0.4,23.1,30.7,151.8,1043.2,31.1,61.89,0.4,Normal,1145
SD-00013,CR-001,CMP-001,2026-08-19 07:42,61.95,0.428,14.1,33.6,150.4,1046.8,27.4,61.95,0.428,Normal,1140
SD-00014,CR-001,CMP-001,2026-08-19 11:18,62.14,0.251,21.3,32.7,157.4,1050.4,27.0,62.14,0.251,Normal,1135
SD-00015,CR-001,CMP-001,2026-08-19 14:54,60.79,0.325,24.7,32.7,147.4,1054.0,29.0,60.79,0.325,Normal,1130
SD-00016,CR-001,CMP-001,2026-08-19 18:30,62.15,0.398,19.9,31.3,148.0,1057.6,25.1,62.15,0.398,Normal,1125
SD-00017,CR-001,CMP-001,2026-08-19 22:06,62.44,0.363,22.0,31.5,142.9,1061.2,27.2,62.44,0.363,Normal,1120
SD-00018,CR-001,CMP-001,2026-08-20 01:42,61.49,0.31,21.5,32.8,159.4,1064.8,28.3,61.49,0.31,Normal,1115
SD-00019,CR-001,CMP-001,2026-08-20 05:18,62.39,0.346,16.2,31.9,150.3,1068.4,32.9,62.39,0.346,Normal,1110
SD-00020,CR-001,CMP-001,2026-08-20 08:54,61.71,0.365,21.9,29.7,155.7,1072.0,29.5,61.71,0.365,Normal,1105
SD-00021,CR-001,CMP-001,2026-08-20 12:30,63.19,0.305,26.2,29.2,152.9,1075.6,32.4,63.19,0.305,Normal,1100
SD-00022,CR-001,CMP-001,2026-08-20 16:06,60.51,0.322,22.3,31.0,142.2,1079.2,28.1,60.51,0.322,Normal,1095
SD-00023,CR-001,CMP-001,2026-08-20 19:42,60.41,0.374,19.2,35.1,146.1,1082.8,27.4,60.41,0.374,Normal,1090
SD-00024,CR-001,CMP-001,2026-08-20 23:18,63.22,0.288,22.7,34.6,142.0,1086.4,28.4,63.22,0.288,Normal,1085
SD-00025,CR-001,CMP-001,2026-08-21 02:54,62.39,0.389,18.3,29.4,152.6,1090.0,28.6,62.39,0.389,Normal,1080
SD-00026,CR-001,CMP-001,2026-08-21 06:30,62.38,0.367,20.0,32.5,151.5,1093.6,26.6,62.38,0.367,Normal,1075
SD-00027,CR-001,CMP-001,2026-08-21 10:06,64.8,0.374,18.4,33.3,145.1,1097.2,29.6,64.8,0.374,Normal,1070
SD-00028,CR-001,CMP-001,2026-08-21 13:42,63.74,0.309,24.9,32.8,154.1,1100.8,31.8,63.74,0.309,Normal,1065
SD-00029,CR-001,CMP-001,2026-08-21 17:18,61.63,0.312,19.3,30.4,149.6,1104.4,28.7,61.63,0.312,Normal,1060
SD-00030,CR-001,CMP-001,2026-08-21 20:54,62.42,0.391,22.0,34.9,148.7,1108.0,33.4,62.42,0.391,Normal,1055
SD-00031,CR-001,CMP-001,2026-08-22 00:30,62.94,0.307,18.8,33.0,148.9,1111.6,29.4,62.94,0.307,Normal,1050
SD-00032,CR-001,CMP-001,2026-08-22 04:06,62.71,0.346,19.5,29.0,147.8,1115.2,29.7,62.71,0.346,Normal,1045
SD-00033,CR-001,CMP-001,2026-08-22 07:42,62.32,0.288,22.5,32.8,145.6,1118.8,28.3,62.32,0.288,Normal,1040
SD-00034,CR-001,CMP-001,2026-08-22 11:18,62.09,0.293,23.1,33.1,155.4,1122.4,30.1,62.09,0.293,Normal,1035
SD-00035,CR-001,CMP-001,2026-08-22 14:54,59.93,0.303,23.5,33.0,152.6,1126.0,35.7,59.93,0.303,Normal,1030
SD-00036,CR-001,CMP-001,2026-08-22 18:30,62.86,0.407,24.9,33.3,148.4,1129.6,29.5,62.86,0.407,Normal,1025
SD-00037,CR-001,CMP-001,2026-08-22 22:06,60.84,0.338,20.5,32.2,161.6,1133.2,24.3,60.84,0.338,Normal,1020
SD-00038,CR-001,CMP-001,2026-08-23 01:42,63.03,0.269,20.6,34.2,150.3,1136.8,25.8,63.03,0.269,Normal,1015
SD-00039,CR-001,CMP-001,2026-08-23 05:18,60.93,0.384,19.8,32.4,150.2,1140.4,26.7,60.93,0.384,Normal,1010
SD-00040,CR-001,CMP-001,2026-08-23 08:54,65.22,0.382,15.9,32.4,146.7,1144.0,29.7,65.22,0.382,Normal,1005
SD-00041,CR-001,CMP-001,2026-08-23 12:30,60.81,0.344,23.5,33.7,144.0,1147.6,27.3,60.81,0.344,Normal,1000
SD-00042,CR-001,CMP-001,2026-08-23 16:06,61.29,0.317,27.3,32.8,143.7,1151.2,29.8,61.29,0.317,Normal,995
SD-00043,CR-001,CMP-001,2026-08-23 19:42,65.18,0.402,17.4,31.0,156.3,1154.8,26.6,65.18,0.402,Normal,990
SD-00044,CR-001,CMP-001,2026-08-23 23:18,62.67,0.389,19.2,31.9,133.8,1158.4,26.0,62.67,0.389,Normal,985
SD-00045,CR-001,CMP-001,2026-08-24 02:54,61.62,0.288,26.9,29.1,147.8,1162.0,28.3,61.62,0.288,Normal,980
SD-00046,CR-001,CMP-001,2026-08-24 06:30,64.16,0.278,25.5,32.0,145.1,1165.6,28.9,64.16,0.278,Normal,975
SD-00047,CR-001,CMP-001,2026-08-24 10:06,62.3,0.32,22.2,31.2,150.6,1169.2,29.3,62.3,0.32,Normal,970
SD-00048,CR-001,CMP-001,2026-08-24 13:42,64.38,0.288,28.4,28.1,149.2,1172.8,29.2,64.38,0.288,Normal,965
SD-00049,CR-001,CMP-001,2026-08-24 17:18,62.42,0.319,21.4,31.0,147.1,1176.4,29.7,62.42,0.319,Normal,960
SD-00050,CR-001,CMP-001,2026-08-24 20:54,62.54,0.315,24.7,32.6,154.1,1180.0,29.3,62.54,0.315,Normal,955
SD-00051,CR-001,CMP-001,2026-08-25 00:30,60.76,0.322,24.2,33.2,149.9,1183.6,28.2,60.76,0.322,Normal,950
SD-00052,CR-001,CMP-001,2026-08-25 04:06,63.92,0.32,23.6,31.6,148.9,1187.2,30.2,63.92,0.32,Normal,945
SD-00053,CR-001,CMP-001,2026-08-25 07:42,63.24,0.391,25.9,32.0,153.4,1190.8,27.4,63.24,0.391,Normal,940
SD-00054,CR-001,CMP-001,2026-08-25 11:18,62.49,0.343,22.3,33.2,145.9,1194.4,32.2,62.49,0.343,Normal,935
SD-00055,CR-001,CMP-001,2026-08-25 14:54,60.49,0.289,25.5,33.6,153.1,1198.0,29.3,60.49,0.289,Normal,930
SD-00056,CR-001,CMP-001,2026-08-25 18:30,61.98,0.305,22.2,30.6,154.9,1201.6,27.7,61.98,0.305,Normal,925
SD-00057,CR-001,CMP-001,2026-08-25 22:06,60.76,0.334,23.2,30.9,145.9,1205.2,28.5,60.76,0.334,Normal,920
SD-00058,CR-001,CMP-001,2026-08-26 01:42,62.37,0.325,20.6,32.5,142.8,1208.8,25.2,62.37,0.325,Normal,915
SD-00059,CR-001,CMP-001,2026-08-26 05:18,60.92,0.339,22.9,35.0,154.3,1212.4,27.7,60.92,0.339,Normal,910
SD-00060,CR-001,CMP-001,2026-08-26 08:54,61.97,0.3,21.9,31.4,151.6,1216.0,26.3,61.97,0.3,Normal,905
SD-00061,CR-001,CMP-001,2026-08-26 12:30,62.78,0.427,21.7,32.8,153.5,1219.6,27.2,62.78,0.427,Normal,900
SD-00062,CR-001,CMP-001,2026-08-26 16:06,62.34,0.351,22.3,30.5,150.1,1223.2,29.0,62.34,0.351,Normal,895
SD-00063,CR-001,CMP-001,2026-08-26 19:42,64.18,0.398,28.5,30.5,154.4,1226.8,28.4,64.18,0.398,Normal,890
SD-00064,CR-001,CMP-001,2026-08-26 23:18,65.28,0.31,19.5,30.8,139.4,1230.4,26.9,65.28,0.31,Normal,885
SD-00065,CR-001,CMP-001,2026-08-27 02:54,60.86,0.358,23.0,35.8,154.8,1234.0,26.8,60.86,0.358,Normal,880
SD-00066,CR-001,CMP-001,2026-08-27 06:30,60.65,0.375,18.0,35.7,155.9,1237.6,27.1,60.65,0.375,Normal,875
SD-00067,CR-001,CMP-001,2026-08-27 10:06,59.43,0.418,21.7,34.5,142.0,1241.2,26.8,59.43,0.418,Normal,870
SD-00068,CR-001,CMP-001,2026-08-27 13:42,62.01,0.352,20.6,33.2,144.7,1244.8,27.7,62.01,0.352,Normal,865
SD-00069,CR-001,CMP-001,2026-08-27 17:18,62.18,0.376,24.1,29.8,142.3,1248.4,30.6,62.18,0.376,Normal,860
SD-00070,CR-001,CMP-001,2026-08-27 20:54,62.5,0.313,26.7,32.2,155.9,1252.0,28.1,62.5,0.313,Normal,855
SD-00071,CR-001,CMP-001,2026-08-28 00:30,65.09,0.438,21.3,33.9,153.2,1255.6,30.7,65.09,0.438,Normal,850
SD-00072,CR-001,CMP-001,2026-08-28 04:06,60.55,0.384,25.2,28.5,144.1,1259.2,23.9,60.55,0.384,Normal,845
SD-00073,CR-001,CMP-001,2026-08-28 07:42,61.6,0.386,26.5,32.1,158.1,1262.8,25.2,61.6,0.386,Normal,840
SD-00074,CR-001,CMP-001,2026-08-28 11:18,59.44,0.347,23.2,31.9,139.7,1266.4,27.8,59.44,0.347,Normal,835
SD-00075,CR-001,CMP-001,2026-08-28 14:54,60.04,0.383,23.1,30.1,147.4,1270.0,25.9,60.04,0.383,Normal,830
SD-00076,CR-001,CMP-001,2026-08-28 18:30,61.91,0.398,19.0,33.0,147.3,1273.6,26.4,61.91,0.398,Normal,825
SD-00077,CR-001,CMP-001,2026-08-28 22:06,61.84,0.298,20.3,29.6,159.8,1277.2,28.1,61.84,0.298,Normal,820
SD-00078,CR-001,CMP-001,2026-08-29 01:42,60.95,0.361,21.7,31.6,153.1,1280.8,29.5,60.95,0.361,Normal,815
SD-00079,CR-001,CMP-001,2026-08-29 05:18,61.2,0.321,21.2,27.4,142.4,1284.4,30.7,61.2,0.321,Normal,810
SD-00080,CR-001,CMP-001,2026-08-29 08:54,64.47,0.338,23.7,32.6,165.4,1288.0,30.2,64.47,0.338,Normal,805
SD-00081,CR-001,CMP-001,2026-08-29 12:30,61.81,0.302,17.2,32.4,146.2,1291.6,25.2,61.81,0.302,Normal,800
SD-00082,CR-001,CMP-001,2026-08-29 16:06,61.03,0.296,27.1,33.8,150.0,1295.2,31.0,61.03,0.296,Normal,795
SD-00083,CR-001,CMP-001,2026-08-29 19:42,62.12,0.307,26.6,33.1,144.8,1298.8,27.6,62.12,0.307,Normal,790
SD-00084,CR-001,CMP-001,2026-08-29 23:18,60.69,0.281,24.8,35.8,143.0,1302.4,29.1,60.69,0.281,Normal,785
SD-00085,CR-001,CMP-001,2026-08-30 02:54,61.02,0.326,20.2,30.3,150.2,1306.0,26.3,61.02,0.326,Normal,780
SD-00086,CR-001,CMP-001,2026-08-30 06:30,62.41,0.347,21.3,30.2,147.1,1309.6,29.5,62.41,0.347,Normal,775
SD-00087,CR-001,CMP-001,2026-08-30 10:06,62.75,0.301,22.3,33.5,141.7,1313.2,29.1,62.75,0.301,Normal,770
SD-00088,CR-001,CMP-001,2026-08-30 13:42,61.01,0.379,19.7,28.4,141.9,1316.8,28.1,61.01,0.379,Normal,765
SD-00089,CR-001,CMP-001,2026-08-30 17:18,62.39,0.305,23.9,28.7,149.7,1320.4,25.6,62.39,0.305,Normal,760
SD-00090,CR-001,CMP-001,2026-08-30 20:54,61.02,0.352,19.4,31.2,155.0,1324.0,26.8,61.02,0.352,Normal,755
SD-00091,CR-001,CMP-001,2026-08-31 00:30,63.25,0.294,23.6,34.9,137.6,1327.6,26.4,63.25,0.294,Normal,750
SD-00092,CR-001,CMP-001,2026-08-31 04:06,62.87,0.34,23.1,30.8,150.4,1331.2,27.7,62.87,0.34,Normal,745
SD-00093,CR-001,CMP-001,2026-08-31 07:42,63.75,0.363,23.0,31.2,147.6,1334.8,27.1,63.75,0.363,Normal,740
SD-00094,CR-001,CMP-001,2026-08-31 11:18,62.59,0.329,22.9,36.2,154.4,1338.4,27.3,62.59,0.329,Normal,735
SD-00095,CR-001,CMP-001,2026-08-31 14:54,63.8,0.33,15.9,30.0,140.6,1342.0,27.3,63.8,0.33,Normal,730
SD-00096,CR-001,CMP-001,2026-08-31 18:30,62.03,0.434,23.0,31.6,154.1,1345.6,23.6,62.03,0.434,Normal,725
SD-00097,CR-001,CMP-001,2026-08-31 22:06,62.35,0.389,17.6,34.3,151.7,1349.2,27.2,62.35,0.389,Normal,720
SD-00098,CR-001,CMP-001,2026-09-01 01:42,62.95,0.464,22.5,32.5,147.7,1352.8,26.3,62.95,0.464,Normal,715
SD-00099,CR-001,CMP-001,2026-09-01 05:18,63.25,0.307,22.2,31.0,152.4,1356.4,28.7,63.25,0.307,Normal,710
SD-00100,CR-001,CMP-001,2026-09-01 08:54,63.56,0.324,21.2,30.0,147.8,1360.0,28.8,63.56,0.324,Normal,705
SD-00101,CR-001,CMP-001,2026-09-01 12:30,63.14,0.304,24.6,34.7,152.1,1363.6,31.8,63.14,0.304,Normal,700
SD-00102,CR-001,CMP-001,2026-09-01 16:06,60.84,0.288,16.7,35.0,153.3,1367.2,27.9,60.84,0.288,Normal,695
SD-00103,CR-001,CMP-001,2026-09-01 19:42,62.42,0.294,29.3,32.3,150.5,1370.8,29.5,62.42,0.294,Normal,690
SD-00104,CR-001,CMP-001,2026-09-01 23:18,62.72,0.361,19.6,32.9,159.4,1374.4,30.7,62.72,0.361,Normal,685
SD-00105,CR-001,CMP-001,2026-09-02 02:54,64.39,0.324,19.0,31.7,150.3,1378.0,30.2,64.39,0.324,Normal,680
SD-00106,CR-001,CMP-001,2026-09-02 06:30,59.46,0.426,21.5,31.1,144.9,1381.6,24.7,59.46,0.426,Normal,675
SD-00107,CR-001,CMP-001,2026-09-02 10:06,63.23,0.354,18.1,29.4,148.3,1385.2,31.3,63.23,0.354,Normal,670
SD-00108,CR-001,CMP-001,2026-09-02 13:42,61.61,0.275,21.3,31.5,136.5,1388.8,27.9,61.61,0.275,Normal,665
SD-00109,CR-001,CMP-001,2026-09-02 17:18,61.65,0.385,27.5,34.3,148.7,1392.4,25.8,61.65,0.385,Normal,660
SD-00110,CR-001,CMP-001,2026-09-02 20:54,65.86,0.353,22.0,32.0,151.0,1396.0,27.7,65.86,0.353,Normal,655
SD-00111,CR-001,CMP-001,2026-09-03 00:30,61.14,0.323,21.9,30.9,146.4,1399.6,28.2,61.14,0.323,Normal,650
SD-00112,CR-001,CMP-001,2026-09-03 04:06,61.62,0.425,14.0,34.2,156.2,1403.2,23.9,61.62,0.425,Normal,645
SD-00113,CR-001,CMP-001,2026-09-03 07:42,61.49,0.331,17.8,30.4,144.4,1406.8,31.5,61.49,0.331,Normal,640
SD-00114,CR-001,CMP-001,2026-09-03 11:18,63.4,0.414,24.2,29.7,147.4,1410.4,29.0,63.4,0.414,Normal,635
SD-00115,CR-001,CMP-001,2026-09-03 14:54,60.17,0.386,21.3,31.3,153.6,1414.0,28.9,60.17,0.386,Normal,630
SD-00116,CR-001,CMP-001,2026-09-03 18:30,61.46,0.408,18.8,33.2,153.0,1417.6,27.4,61.46,0.408,Normal,625
SD-00117,CR-001,CMP-001,2026-09-03 22:06,62.49,0.287,24.8,31.6,147.4,1421.2,30.1,62.49,0.287,Normal,620
SD-00118,CR-001,CMP-001,2026-09-04 01:42,60.94,0.28,17.3,33.2,143.6,1424.8,31.5,60.94,0.28,Normal,615
SD-00119,CR-001,CMP-001,2026-09-04 05:18,58.88,0.435,22.6,31.8,147.3,1428.4,28.8,58.88,0.435,Normal,610
SD-00120,CR-001,CMP-001,2026-09-04 08:54,61.94,0.405,22.3,32.3,148.2,1432.0,27.9,61.94,0.405,Normal,605
SD-00121,CR-001,CMP-001,2026-09-04 12:30,62.46,0.264,18.0,33.5,150.9,1435.6,27.6,62.46,0.264,Normal,600
SD-00122,CR-001,CMP-001,2026-09-04 16:06,62.03,0.367,20.4,30.4,151.0,1439.2,26.0,62.03,0.367,Normal,595
SD-00123,CR-001,CMP-001,2026-09-04 19:42,62.61,0.265,25.1,32.9,151.3,1442.8,30.0,62.61,0.265,Normal,590
SD-00124,CR-001,CMP-001,2026-09-04 23:18,64.5,0.401,16.5,29.4,146.9,1446.4,28.1,64.5,0.401,Normal,585
SD-00125,CR-001,CMP-001,2026-09-05 02:54,62.78,0.314,22.6,30.5,146.9,1450.0,25.2,62.78,0.314,Normal,580
SD-00126,CR-001,CMP-001,2026-09-05 06:30,60.62,0.282,19.1,34.1,145.3,1453.6,33.3,60.62,0.282,Normal,575
SD-00127,CR-001,CMP-001,2026-09-05 10:06,62.74,0.359,19.4,33.4,147.1,1457.2,28.2,62.74,0.359,Normal,570
SD-00128,CR-001,CMP-001,2026-09-05 13:42,65.84,0.345,25.4,30.6,149.8,1460.8,31.5,65.84,0.345,Normal,565
SD-00129,CR-001,CMP-001,2026-09-05 17:18,61.06,0.441,24.1,30.9,153.2,1464.4,29.9,61.06,0.441,Normal,560
SD-00130,CR-001,CMP-001,2026-09-05 20:54,62.93,0.271,19.8,31.5,149.6,1468.0,29.2,62.93,0.271,Normal,555
SD-00131,CR-001,CMP-001,2026-09-06 00:30,62.27,0.283,23.1,33.2,152.8,1471.6,30.2,62.27,0.283,Normal,550
SD-00132,CR-001,CMP-001,2026-09-06 04:06,63.25,0.373,21.8,28.7,152.1,1475.2,28.4,63.25,0.373,Normal,545
SD-00133,CR-001,CMP-001,2026-09-06 07:42,62.41,0.286,18.8,34.1,149.8,1478.8,29.4,62.41,0.286,Normal,540
SD-00134,CR-001,CMP-001,2026-09-06 11:18,62.04,0.351,24.8,31.0,150.5,1482.4,27.1,62.04,0.351,Normal,535
SD-00135,CR-001,CMP-001,2026-09-06 14:54,61.35,0.335,22.7,31.0,156.3,1486.0,26.2,61.35,0.335,Normal,530
SD-00136,CR-001,CMP-001,2026-09-06 18:30,61.72,0.328,26.3,32.4,155.2,1489.6,25.0,61.72,0.328,Normal,525
SD-00137,CR-001,CMP-001,2026-09-06 22:06,62.4,0.394,22.2,34.1,147.4,1493.2,30.8,62.4,0.394,Normal,520
SD-00138,CR-001,CMP-001,2026-09-07 01:42,65.45,0.332,20.7,34.9,157.9,1496.8,27.0,65.45,0.332,Normal,515
SD-00139,CR-001,CMP-001,2026-09-07 05:18,61.37,0.336,18.0,30.2,145.0,1500.4,26.5,61.37,0.336,Normal,510
SD-00140,CR-001,CMP-001,2026-09-07 08:54,61.95,0.362,26.7,30.0,154.9,1504.0,27.6,61.95,0.362,Normal,505
SD-00141,CR-001,CMP-001,2026-09-07 12:30,61.93,0.384,18.6,32.8,150.8,1507.6,29.0,61.93,0.384,Normal,500
SD-00142,CR-001,CMP-001,2026-09-07 16:06,62.43,0.473,20.1,30.9,146.9,1511.2,26.9,62.43,0.473,Normal,495
SD-00143,CR-001,CMP-001,2026-09-07 19:42,61.04,0.409,26.3,30.9,145.8,1514.8,28.9,61.04,0.409,Normal,490
SD-00144,CR-001,CMP-001,2026-09-07 23:18,61.17,0.382,22.6,29.0,157.7,1518.4,31.6,61.17,0.382,Normal,485
SD-00145,CR-001,CMP-001,2026-09-08 02:54,61.08,0.331,22.9,32.7,153.3,1522.0,32.0,61.08,0.331,Normal,480
SD-00146,CR-001,CMP-001,2026-09-08 06:30,61.73,0.31,17.9,30.5,149.8,1525.6,31.6,61.73,0.31,Normal,475
SD-00147,CR-001,CMP-001,2026-09-08 10:06,61.22,0.361,22.0,34.4,162.6,1529.2,26.9,61.22,0.361,Normal,470
SD-00148,CR-001,CMP-001,2026-09-08 13:42,61.27,0.402,24.0,35.7,152.9,1532.8,27.3,61.27,0.402,Normal,465
SD-00149,CR-001,CMP-001,2026-09-08 17:18,62.89,0.405,24.5,33.0,155.3,1536.4,30.3,62.89,0.405,Normal,460
SD-00150,CR-001,CMP-001,2026-09-08 20:54,64.07,0.382,21.5,32.3,156.0,1540.0,26.4,64.07,0.382,Normal,455
SD-00151,CR-001,CMP-001,2026-09-09 00:30,62.55,0.33,22.1,34.6,151.0,1543.6,28.1,62.55,0.33,Normal,450
SD-00152,CR-001,CMP-001,2026-09-09 04:06,59.96,0.387,23.9,36.3,148.5,1547.2,28.4,59.96,0.387,Normal,445
SD-00153,CR-001,CMP-001,2026-09-09 07:42,62.37,0.429,21.7,32.6,153.0,1550.8,28.4,62.37,0.429,Normal,440
SD-00154,CR-001,CMP-001,2026-09-09 11:18,61.33,0.36,25.2,29.9,150.7,1554.4,26.6,61.33,0.36,Normal,435
SD-00155,CR-001,CMP-001,2026-09-09 14:54,63.79,0.274,20.3,32.8,157.8,1558.0,27.9,63.79,0.274,Normal,430
SD-00156,CR-001,CMP-001,2026-09-09 18:30,61.17,0.444,17.7,27.6,152.2,1561.6,27.0,61.17,0.444,Normal,425
SD-00157,CR-001,CMP-001,2026-09-09 22:06,60.47,0.385,22.7,30.9,143.6,1565.2,29.7,60.47,0.385,Normal,420
SD-00158,CR-001,CMP-001,2026-09-10 01:42,62.98,0.345,27.5,29.9,142.4,1568.8,26.6,62.98,0.345,Normal,415
SD-00159,CR-001,CMP-001,2026-09-10 05:18,61.93,0.362,21.3,32.7,143.7,1572.4,30.9,61.93,0.362,Normal,410
SD-00160,CR-001,CMP-001,2026-09-10 08:54,61.88,0.406,23.0,32.9,152.8,1576.0,28.9,61.88,0.406,Normal,405
SD-00161,CR-001,CMP-001,2026-09-10 12:30,62.96,0.416,22.6,33.4,149.6,1579.6,30.9,62.96,0.416,Normal,400
SD-00162,CR-001,CMP-001,2026-09-10 16:06,60.99,0.44,21.9,29.1,150.6,1583.2,26.6,60.99,0.44,Normal,395
SD-00163,CR-001,CMP-001,2026-09-10 19:42,63.26,0.317,20.7,28.2,147.7,1586.8,23.2,63.26,0.317,Normal,390
SD-00164,CR-001,CMP-001,2026-09-10 23:18,59.62,0.388,24.4,32.9,145.2,1590.4,27.9,59.62,0.388,Normal,385
SD-00165,CR-001,CMP-001,2026-09-11 02:54,61.99,0.292,26.5,33.8,148.9,1594.0,28.1,61.99,0.292,Normal,380
SD-00166,CR-001,CMP-001,2026-09-11 06:30,62.31,0.248,21.3,30.6,145.0,1597.6,27.4,62.31,0.248,Normal,375
SD-00167,CR-001,CMP-001,2026-09-11 10:06,64.7,0.382,20.3,33.1,157.0,1601.2,29.8,64.7,0.382,Normal,370
SD-00168,CR-001,CMP-001,2026-09-11 13:42,62.09,0.318,24.1,32.8,154.5,1604.8,29.3,62.09,0.318,Normal,365
SD-00169,CR-001,CMP-001,2026-09-11 17:18,63.57,0.323,26.0,32.4,160.4,1608.4,26.6,63.57,0.323,Normal,360
SD-00170,CR-001,CMP-001,2026-09-11 20:54,64.6,0.36,20.0,31.0,148.4,1612.0,28.8,64.6,0.36,Normal,355
SD-00171,CR-001,CMP-001,2026-09-12 00:30,62.78,0.321,21.9,36.3,158.6,1615.6,28.9,62.78,0.321,Normal,350
SD-00172,CR-001,CMP-001,2026-09-12 04:06,62.06,0.356,23.8,30.0,148.7,1619.2,24.7,62.06,0.356,Normal,345
SD-00173,CR-001,CMP-001,2026-09-12 07:42,62.6,0.382,20.6,35.1,143.9,1622.8,25.1,62.6,0.382,Normal,340
SD-00174,CR-001,CMP-001,2026-09-12 11:18,62.34,0.402,27.1,31.1,155.4,1626.4,27.9,62.34,0.402,Normal,335
SD-00175,CR-001,CMP-001,2026-09-12 14:54,61.74,0.394,24.0,28.8,157.4,1630.0,30.8,61.74,0.394,Normal,330
SD-00176,CR-001,CMP-001,2026-09-12 18:30,61.06,0.37,23.5,32.5,147.2,1633.6,26.7,61.06,0.37,Normal,325
SD-00177,CR-001,CMP-001,2026-09-12 22:06,61.96,0.409,23.6,31.3,153.9,1637.2,22.3,61.96,0.409,Normal,320
SD-00178,CR-001,CMP-001,2026-09-13 01:42,63.72,0.263,20.9,29.8,143.5,1640.8,30.3,63.72,0.263,Normal,315
SD-00179,CR-001,CMP-001,2026-09-13 05:18,61.3,0.367,21.9,33.0,150.4,1644.4,25.4,61.3,0.367,Normal,310
SD-00180,CR-001,CMP-001,2026-09-13 08:54,63.49,0.325,17.3,31.1,157.5,1648.0,29.7,63.49,0.325,Normal,305
SD-00181,CR-001,CMP-001,2026-09-13 12:30,61.48,0.333,21.0,36.2,151.9,1651.6,28.9,61.48,0.333,Normal,300
SD-00182,CR-001,CMP-001,2026-09-13 16:06,63.55,0.362,21.2,31.6,149.6,1655.2,27.9,63.55,0.362,Normal,295
SD-00183,CR-001,CMP-001,2026-09-13 19:42,63.09,0.353,24.2,31.8,150.4,1658.8,24.0,63.09,0.353,Normal,290
SD-00184,CR-001,CMP-001,2026-09-13 23:18,63.37,0.367,25.0,26.2,160.4,1662.4,27.7,63.37,0.367,Normal,285
SD-00185,CR-001,CMP-001,2026-09-14 02:54,63.66,0.298,23.8,29.9,146.9,1666.0,31.8,63.66,0.298,Normal,280
SD-00186,CR-001,CMP-001,2026-09-14 06:30,61.71,0.361,24.6,33.0,150.8,1669.6,28.7,61.71,0.361,Normal,275
SD-00187,CR-001,CMP-001,2026-09-14 10:06,65.61,0.347,22.6,34.1,155.5,1673.2,30.4,65.61,0.347,Normal,270
SD-00188,CR-001,CMP-001,2026-09-14 13:42,62.96,0.293,26.9,29.7,151.5,1676.8,26.5,62.96,0.293,Normal,265
SD-00189,CR-001,CMP-001,2026-09-14 17:18,61.9,0.366,23.0,32.8,158.1,1680.4,28.9,61.9,0.366,Normal,260
SD-00190,CR-001,CMP-001,2026-09-14 20:54,61.63,0.398,25.6,29.5,153.0,1684.0,29.4,61.63,0.398,Normal,255
SD-00191,CR-001,CMP-001,2026-09-15 00:30,61.55,0.419,21.5,32.3,149.1,1687.6,28.0,61.55,0.419,Normal,250
SD-00192,CR-001,CMP-001,2026-09-15 04:06,60.36,0.278,26.8,30.3,145.0,1691.2,23.7,60.36,0.278,Normal,245
SD-00193,CR-001,CMP-001,2026-09-15 07:42,61.04,0.284,26.9,34.0,146.6,1694.8,32.5,61.04,0.284,Normal,240
SD-00194,CR-001,CMP-001,2026-09-15 11:18,63.47,0.334,14.5,36.6,143.1,1698.4,24.7,63.47,0.334,Normal,235
SD-00195,CR-001,CMP-001,2026-09-15 14:54,63.53,0.472,26.2,33.1,153.0,1702.0,29.7,63.53,0.472,Normal,230
SD-00196,CR-001,CMP-001,2026-09-15 18:30,63.14,0.364,22.3,31.9,146.2,1705.6,27.4,63.14,0.364,Normal,225
SD-00197,CR-001,CMP-001,2026-09-15 22:06,59.46,0.345,19.0,29.8,150.9,1709.2,30.8,59.46,0.345,Normal,220
SD-00198,CR-001,CMP-001,2026-09-16 01:42,63.38,0.271,19.0,33.9,145.1,1712.8,27.6,63.38,0.271,Normal,215
SD-00199,CR-001,CMP-001,2026-09-16 05:18,62.83,0.302,22.3,29.3,147.0,1716.4,28.6,62.83,0.302,Normal,210
SD-00200,CR-001,CMP-001,2026-09-16 08:54,59.61,0.372,21.9,33.1,151.1,1720.0,30.7,59.61,0.372,Normal,205
SD-00201,CR-002,CMP-002,2026-08-17 12:30,60.15,0.283,18.2,28.8,145.2,1003.6,28.1,60.15,0.283,Normal,1500
SD-00202,CR-002,CMP-002,2026-08-17 16:06,59.16,0.273,15.2,30.6,140.0,1007.2,26.6,59.16,0.273,Normal,1494
SD-00203,CR-002,CMP-002,2026-08-17 19:42,59.14,0.336,17.4,29.9,142.3,1010.8,28.6,59.14,0.336,Normal,1488
SD-00204,CR-002,CMP-002,2026-08-17 23:18,59.0,0.386,15.6,28.5,147.5,1014.4,28.8,59.0,0.386,Normal,1482
SD-00205,CR-002,CMP-002,2026-08-18 02:54,59.78,0.295,18.1,27.8,148.9,1018.0,32.4,59.78,0.295,Normal,1476
SD-00206,CR-002,CMP-002,2026-08-18 06:30,59.33,0.245,17.8,31.9,141.8,1021.6,31.3,59.33,0.245,Normal,1470
SD-00207,CR-002,CMP-002,2026-08-18 10:06,62.01,0.278,19.1,30.4,143.5,1025.2,27.6,62.01,0.278,Normal,1464
SD-00208,CR-002,CMP-002,2026-08-18 13:42,59.3,0.259,16.7,26.2,145.1,1028.8,26.5,59.3,0.259,Normal,1458
SD-00209,CR-002,CMP-002,2026-08-18 17:18,60.28,0.238,18.7,29.3,137.0,1032.4,28.7,60.28,0.238,Normal,1452
SD-00210,CR-002,CMP-002,2026-08-18 20:54,61.47,0.252,21.3,28.6,142.2,1036.0,27.9,61.47,0.252,Normal,1446
SD-00211,CR-002,CMP-002,2026-08-19 00:30,60.67,0.303,19.1,26.6,145.7,1039.6,25.2,60.67,0.303,Normal,1440
SD-00212,CR-002,CMP-002,2026-08-19 04:06,59.87,0.264,16.5,29.9,149.4,1043.2,29.2,59.87,0.264,Normal,1434
SD-00213,CR-002,CMP-002,2026-08-19 07:42,58.69,0.287,20.4,28.2,154.3,1046.8,28.8,58.69,0.287,Normal,1428
SD-00214,CR-002,CMP-002,2026-08-19 11:18,60.23,0.288,18.3,27.8,147.8,1050.4,29.9,60.23,0.288,Normal,1422
SD-00215,CR-002,CMP-002,2026-08-19 14:54,59.06,0.247,14.3,28.8,140.6,1054.0,23.7,59.06,0.247,Normal,1416
SD-00216,CR-002,CMP-002,2026-08-19 18:30,60.47,0.4,18.0,29.3,145.3,1057.6,27.8,60.47,0.4,Normal,1410
SD-00217,CR-002,CMP-002,2026-08-19 22:06,61.1,0.288,18.5,28.5,142.3,1061.2,30.0,61.1,0.288,Normal,1404
SD-00218,CR-002,CMP-002,2026-08-20 01:42,59.79,0.27,19.1,26.7,145.1,1064.8,28.0,59.79,0.27,Normal,1398
SD-00219,CR-002,CMP-002,2026-08-20 05:18,61.3,0.319,17.9,29.2,150.6,1068.4,29.1,61.3,0.319,Normal,1392
SD-00220,CR-002,CMP-002,2026-08-20 08:54,60.01,0.248,15.9,27.5,142.6,1072.0,27.6,60.01,0.248,Normal,1386
SD-00221,CR-002,CMP-002,2026-08-20 12:30,60.07,0.321,17.9,28.7,145.3,1075.6,24.0,60.07,0.321,Normal,1380
SD-00222,CR-002,CMP-002,2026-08-20 16:06,58.87,0.294,15.6,28.9,151.1,1079.2,30.4,58.87,0.294,Normal,1374
SD-00223,CR-002,CMP-002,2026-08-20 19:42,59.74,0.36,18.3,27.5,142.5,1082.8,27.4,59.74,0.36,Normal,1368
SD-00224,CR-002,CMP-002,2026-08-20 23:18,59.53,0.307,18.3,28.0,146.7,1086.4,30.4,59.53,0.307,Normal,1362
SD-00225,CR-002,CMP-002,2026-08-21 02:54,61.14,0.241,12.9,29.4,139.5,1090.0,27.6,61.14,0.241,Normal,1356
SD-00226,CR-002,CMP-002,2026-08-21 06:30,58.6,0.228,19.1,29.1,142.7,1093.6,22.8,58.6,0.228,Normal,1350
SD-00227,CR-002,CMP-002,2026-08-21 10:06,59.34,0.316,15.0,28.3,144.9,1097.2,29.2,59.34,0.316,Normal,1344
SD-00228,CR-002,CMP-002,2026-08-21 13:42,60.14,0.261,20.4,27.8,144.9,1100.8,26.1,60.14,0.261,Normal,1338
SD-00229,CR-002,CMP-002,2026-08-21 17:18,59.47,0.265,17.7,30.6,139.5,1104.4,24.8,59.47,0.265,Normal,1332
SD-00230,CR-002,CMP-002,2026-08-21 20:54,61.77,0.292,16.7,29.6,142.6,1108.0,31.7,61.77,0.292,Normal,1326
SD-00231,CR-002,CMP-002,2026-08-22 00:30,60.81,0.28,22.3,27.1,148.0,1111.6,28.6,60.81,0.28,Normal,1320
SD-00232,CR-002,CMP-002,2026-08-22 04:06,61.56,0.362,18.1,26.9,146.8,1115.2,26.6,61.56,0.362,Normal,1314
SD-00233,CR-002,CMP-002,2026-08-22 07:42,62.42,0.305,17.3,28.3,139.6,1118.8,26.1,62.42,0.305,Normal,1308
SD-00234,CR-002,CMP-002,2026-08-22 11:18,61.44,0.274,15.9,28.8,149.7,1122.4,29.4,61.44,0.274,Normal,1302
SD-00235,CR-002,CMP-002,2026-08-22 14:54,61.2,0.27,15.2,30.3,143.7,1126.0,27.5,61.2,0.27,Normal,1296
SD-00236,CR-002,CMP-002,2026-08-22 18:30,61.59,0.322,18.9,31.2,142.4,1129.6,29.9,61.59,0.322,Normal,1290
SD-00237,CR-002,CMP-002,2026-08-22 22:06,60.07,0.311,21.1,28.8,147.2,1133.2,30.1,60.07,0.311,Normal,1284
SD-00238,CR-002,CMP-002,2026-08-23 01:42,59.56,0.266,15.9,25.1,153.2,1136.8,25.8,59.56,0.266,Normal,1278
SD-00239,CR-002,CMP-002,2026-08-23 05:18,59.73,0.289,18.6,29.2,148.4,1140.4,26.8,59.73,0.289,Normal,1272
SD-00240,CR-002,CMP-002,2026-08-23 08:54,59.8,0.311,17.5,30.4,147.0,1144.0,29.5,59.8,0.311,Normal,1266
SD-00241,CR-002,CMP-002,2026-08-23 12:30,60.8,0.347,18.4,26.1,146.6,1147.6,26.7,60.8,0.347,Normal,1260
SD-00242,CR-002,CMP-002,2026-08-23 16:06,59.37,0.323,20.5,28.0,146.2,1151.2,31.4,59.37,0.323,Normal,1254
SD-00243,CR-002,CMP-002,2026-08-23 19:42,60.29,0.404,19.1,25.4,148.0,1154.8,28.8,60.29,0.404,Normal,1248
SD-00244,CR-002,CMP-002,2026-08-23 23:18,61.55,0.327,17.7,26.2,144.2,1158.4,26.3,61.55,0.327,Normal,1242
SD-00245,CR-002,CMP-002,2026-08-24 02:54,59.3,0.324,21.3,28.6,140.2,1162.0,28.9,59.3,0.324,Normal,1236
SD-00246,CR-002,CMP-002,2026-08-24 06:30,61.44,0.276,17.7,28.0,141.9,1165.6,29.3,61.44,0.276,Normal,1230
SD-00247,CR-002,CMP-002,2026-08-24 10:06,59.85,0.317,16.2,27.3,147.9,1169.2,27.3,59.85,0.317,Normal,1224
SD-00248,CR-002,CMP-002,2026-08-24 13:42,62.07,0.284,18.4,29.4,139.3,1172.8,24.5,62.07,0.284,Normal,1218
SD-00249,CR-002,CMP-002,2026-08-24 17:18,58.17,0.351,16.9,31.8,142.7,1176.4,28.4,58.17,0.351,Normal,1212
SD-00250,CR-002,CMP-002,2026-08-24 20:54,61.85,0.38,22.1,29.8,149.1,1180.0,29.2,61.85,0.38,Normal,1206
SD-00251,CR-002,CMP-002,2026-08-25 00:30,60.93,0.278,16.4,28.0,144.3,1183.6,27.1,60.93,0.278,Normal,1200
SD-00252,CR-002,CMP-002,2026-08-25 04:06,60.84,0.338,18.2,30.2,140.4,1187.2,27.6,60.84,0.338,Normal,1194
SD-00253,CR-002,CMP-002,2026-08-25 07:42,59.14,0.225,17.8,27.8,151.1,1190.8,29.3,59.14,0.225,Normal,1188
SD-00254,CR-002,CMP-002,2026-08-25 11:18,58.77,0.374,20.4,28.9,144.1,1194.4,26.1,58.77,0.374,Normal,1182
SD-00255,CR-002,CMP-002,2026-08-25 14:54,59.55,0.344,21.8,30.3,143.0,1198.0,25.8,59.55,0.344,Normal,1176
SD-00256,CR-002,CMP-002,2026-08-25 18:30,60.17,0.229,18.6,27.8,143.1,1201.6,24.8,60.17,0.229,Normal,1170
SD-00257,CR-002,CMP-002,2026-08-25 22:06,60.62,0.279,15.7,23.7,144.9,1205.2,31.5,60.62,0.279,Normal,1164
SD-00258,CR-002,CMP-002,2026-08-26 01:42,61.99,0.282,16.8,28.7,141.0,1208.8,28.6,61.99,0.282,Normal,1158
SD-00259,CR-002,CMP-002,2026-08-26 05:18,60.92,0.349,17.8,27.7,141.5,1212.4,26.3,60.92,0.349,Normal,1152
SD-00260,CR-002,CMP-002,2026-08-26 08:54,59.73,0.315,19.8,26.8,151.0,1216.0,27.5,59.73,0.315,Normal,1146
SD-00261,CR-002,CMP-002,2026-08-26 12:30,59.97,0.27,13.2,29.3,147.9,1219.6,27.4,59.97,0.27,Normal,1140
SD-00262,CR-002,CMP-002,2026-08-26 16:06,60.08,0.321,14.9,27.2,148.2,1223.2,25.5,60.08,0.321,Normal,1134
SD-00263,CR-002,CMP-002,2026-08-26 19:42,60.35,0.246,18.9,27.9,138.5,1226.8,30.3,60.35,0.246,Normal,1128
SD-00264,CR-002,CMP-002,2026-08-26 23:18,59.12,0.268,18.4,29.7,140.9,1230.4,28.1,59.12,0.268,Normal,1122
SD-00265,CR-002,CMP-002,2026-08-27 02:54,60.51,0.328,18.4,27.4,141.7,1234.0,28.2,60.51,0.328,Normal,1116
SD-00266,CR-002,CMP-002,2026-08-27 06:30,58.71,0.183,18.9,29.4,135.5,1237.6,26.0,58.71,0.183,Normal,1110
SD-00267,CR-002,CMP-002,2026-08-27 10:06,60.74,0.382,18.0,26.9,144.3,1241.2,30.7,60.74,0.382,Normal,1104
SD-00268,CR-002,CMP-002,2026-08-27 13:42,59.22,0.268,17.0,26.6,145.5,1244.8,31.2,59.22,0.268,Normal,1098
SD-00269,CR-002,CMP-002,2026-08-27 17:18,60.39,0.29,17.4,25.7,148.5,1248.4,27.8,60.39,0.29,Normal,1092
SD-00270,CR-002,CMP-002,2026-08-27 20:54,59.78,0.428,18.6,26.9,143.3,1252.0,30.3,59.78,0.428,Normal,1086
SD-00271,CR-002,CMP-002,2026-08-28 00:30,60.14,0.242,19.8,27.0,152.5,1255.6,30.2,60.14,0.242,Normal,1080
SD-00272,CR-002,CMP-002,2026-08-28 04:06,59.46,0.351,18.1,29.3,146.9,1259.2,26.3,59.46,0.351,Normal,1074
SD-00273,CR-002,CMP-002,2026-08-28 07:42,59.23,0.341,17.3,27.4,141.2,1262.8,28.8,59.23,0.341,Normal,1068
SD-00274,CR-002,CMP-002,2026-08-28 11:18,62.48,0.257,18.0,30.1,144.7,1266.4,28.9,62.48,0.257,Normal,1062
SD-00275,CR-002,CMP-002,2026-08-28 14:54,58.73,0.317,17.6,29.5,149.7,1270.0,33.2,58.73,0.317,Normal,1056
SD-00276,CR-002,CMP-002,2026-08-28 18:30,60.7,0.313,18.4,27.5,146.4,1273.6,27.4,60.7,0.313,Normal,1050
SD-00277,CR-002,CMP-002,2026-08-28 22:06,60.2,0.353,16.0,29.7,150.3,1277.2,27.8,60.2,0.353,Normal,1044
SD-00278,CR-002,CMP-002,2026-08-29 01:42,57.45,0.276,20.6,28.0,141.0,1280.8,27.0,57.45,0.276,Normal,1038
SD-00279,CR-002,CMP-002,2026-08-29 05:18,61.01,0.322,17.5,27.4,143.4,1284.4,26.2,61.01,0.322,Normal,1032
SD-00280,CR-002,CMP-002,2026-08-29 08:54,61.94,0.287,20.4,30.3,149.0,1288.0,27.1,61.94,0.287,Normal,1026
SD-00281,CR-002,CMP-002,2026-08-29 12:30,60.48,0.299,16.2,28.5,140.3,1291.6,30.4,60.48,0.299,Normal,1020
SD-00282,CR-002,CMP-002,2026-08-29 16:06,59.44,0.308,18.6,27.6,147.3,1295.2,27.1,59.44,0.308,Normal,1014
SD-00283,CR-002,CMP-002,2026-08-29 19:42,61.05,0.246,18.3,30.9,141.0,1298.8,26.6,61.05,0.246,Normal,1008
SD-00284,CR-002,CMP-002,2026-08-29 23:18,60.62,0.307,18.7,28.7,147.5,1302.4,30.2,60.62,0.307,Normal,1002
SD-00285,CR-002,CMP-002,2026-08-30 02:54,60.49,0.29,19.3,30.8,144.5,1306.0,26.1,60.49,0.29,Normal,996
SD-00286,CR-002,CMP-002,2026-08-30 06:30,61.33,0.295,13.7,29.3,142.9,1309.6,27.8,61.33,0.295,Normal,990
SD-00287,CR-002,CMP-002,2026-08-30 10:06,60.4,0.308,19.4,27.3,147.1,1313.2,27.5,60.4,0.308,Normal,984
SD-00288,CR-002,CMP-002,2026-08-30 13:42,60.89,0.325,16.1,29.6,142.9,1316.8,29.6,60.89,0.325,Normal,978
SD-00289,CR-002,CMP-002,2026-08-30 17:18,60.44,0.374,17.6,27.5,144.9,1320.4,27.4,60.44,0.374,Normal,972
SD-00290,CR-002,CMP-002,2026-08-30 20:54,60.96,0.235,15.9,26.4,148.8,1324.0,31.4,60.96,0.235,Normal,966
SD-00291,CR-002,CMP-002,2026-08-31 00:30,59.87,0.293,18.1,29.7,141.3,1327.6,28.5,59.87,0.293,Normal,960
SD-00292,CR-002,CMP-002,2026-08-31 04:06,61.17,0.32,18.4,29.5,134.2,1331.2,29.4,61.17,0.32,Normal,954
SD-00293,CR-002,CMP-002,2026-08-31 07:42,59.22,0.227,19.0,30.1,144.5,1334.8,29.9,59.22,0.227,Normal,948
SD-00294,CR-002,CMP-002,2026-08-31 11:18,61.93,0.353,21.3,29.1,145.3,1338.4,24.8,61.93,0.353,Normal,942
SD-00295,CR-002,CMP-002,2026-08-31 14:54,59.7,0.266,22.3,27.7,145.5,1342.0,29.1,59.7,0.266,Normal,936
SD-00296,CR-002,CMP-002,2026-08-31 18:30,60.05,0.368,16.8,28.3,142.0,1345.6,25.4,60.05,0.368,Normal,930
SD-00297,CR-002,CMP-002,2026-08-31 22:06,59.27,0.299,17.1,27.0,139.4,1349.2,27.8,59.27,0.299,Normal,924
SD-00298,CR-002,CMP-002,2026-09-01 01:42,58.19,0.33,18.2,25.8,143.8,1352.8,26.5,58.19,0.33,Normal,918
SD-00299,CR-002,CMP-002,2026-09-01 05:18,60.38,0.354,14.2,28.2,144.4,1356.4,29.3,60.38,0.354,Normal,912
SD-00300,CR-002,CMP-002,2026-09-01 08:54,60.26,0.27,17.4,26.8,149.3,1360.0,28.0,60.26,0.27,Normal,906
SD-00301,CR-002,CMP-002,2026-09-01 12:30,62.28,0.298,16.6,25.7,137.8,1363.6,24.8,62.28,0.298,Normal,900
SD-00302,CR-002,CMP-002,2026-09-01 16:06,60.32,0.32,14.8,29.3,143.1,1367.2,28.3,60.32,0.32,Normal,894
SD-00303,CR-002,CMP-002,2026-09-01 19:42,61.93,0.336,17.5,26.7,136.4,1370.8,26.6,61.93,0.336,Normal,888
SD-00304,CR-002,CMP-002,2026-09-01 23:18,59.75,0.261,17.7,28.1,144.1,1374.4,26.7,59.75,0.261,Normal,882
SD-00305,CR-002,CMP-002,2026-09-02 02:54,60.2,0.318,15.8,30.1,144.6,1378.0,28.0,60.2,0.318,Normal,876
SD-00306,CR-002,CMP-002,2026-09-02 06:30,60.85,0.309,19.9,28.4,142.6,1381.6,28.7,60.85,0.309,Normal,870
SD-00307,CR-002,CMP-002,2026-09-02 10:06,58.63,0.304,17.9,27.7,144.5,1385.2,24.2,58.63,0.304,Normal,864
SD-00308,CR-002,CMP-002,2026-09-02 13:42,59.34,0.304,18.3,26.5,150.1,1388.8,26.3,59.34,0.304,Normal,858
SD-00309,CR-002,CMP-002,2026-09-02 17:18,61.16,0.317,16.7,30.7,140.2,1392.4,29.8,61.16,0.317,Normal,852
SD-00310,CR-002,CMP-002,2026-09-02 20:54,61.2,0.273,20.8,27.6,146.2,1396.0,28.5,61.2,0.273,Normal,846
SD-00311,CR-002,CMP-002,2026-09-03 00:30,59.84,0.332,19.6,25.4,150.2,1399.6,24.7,59.84,0.332,Normal,840
SD-00312,CR-002,CMP-002,2026-09-03 04:06,61.24,0.345,15.8,27.4,140.6,1403.2,27.6,61.24,0.345,Normal,834
SD-00313,CR-002,CMP-002,2026-09-03 07:42,59.63,0.331,20.6,30.1,142.8,1406.8,27.6,59.63,0.331,Normal,828
SD-00314,CR-002,CMP-002,2026-09-03 11:18,57.98,0.268,19.9,30.4,140.1,1410.4,26.8,57.98,0.268,Normal,822
SD-00315,CR-002,CMP-002,2026-09-03 14:54,59.97,0.311,16.4,28.6,143.1,1414.0,28.0,59.97,0.311,Normal,816
SD-00316,CR-002,CMP-002,2026-09-03 18:30,60.66,0.3,17.1,27.8,144.6,1417.6,27.3,60.66,0.3,Normal,810
SD-00317,CR-002,CMP-002,2026-09-03 22:06,59.69,0.364,19.1,27.6,147.8,1421.2,27.3,59.69,0.364,Normal,804
SD-00318,CR-002,CMP-002,2026-09-04 01:42,61.41,0.315,17.8,28.7,138.7,1424.8,25.7,61.41,0.315,Normal,798
SD-00319,CR-002,CMP-002,2026-09-04 05:18,58.57,0.306,21.5,31.3,147.6,1428.4,29.0,58.57,0.306,Normal,792
SD-00320,CR-002,CMP-002,2026-09-04 08:54,57.84,0.278,16.4,27.1,144.3,1432.0,27.1,57.84,0.278,Normal,786
SD-00321,CR-002,CMP-002,2026-09-04 12:30,57.62,0.33,15.9,28.4,153.3,1435.6,26.2,57.62,0.33,Normal,780
SD-00322,CR-002,CMP-002,2026-09-04 16:06,56.96,0.289,20.2,30.9,140.1,1439.2,29.0,56.96,0.289,Normal,774
SD-00323,CR-002,CMP-002,2026-09-04 19:42,59.44,0.296,23.3,25.7,146.0,1442.8,28.9,59.44,0.296,Normal,768
SD-00324,CR-002,CMP-002,2026-09-04 23:18,61.3,0.304,18.6,27.4,146.1,1446.4,27.3,61.3,0.304,Normal,762
SD-00325,CR-002,CMP-002,2026-09-05 02:54,60.75,0.285,18.8,28.0,149.5,1450.0,27.9,60.75,0.285,Normal,756
SD-00326,CR-002,CMP-002,2026-09-05 06:30,57.87,0.35,16.2,27.0,142.6,1453.6,30.7,57.87,0.35,Normal,750
SD-00327,CR-002,CMP-002,2026-09-05 10:06,57.44,0.426,20.1,28.3,144.8,1457.2,28.6,57.44,0.426,Normal,744
SD-00328,CR-002,CMP-002,2026-09-05 13:42,60.63,0.326,19.1,28.1,144.2,1460.8,27.7,60.63,0.326,Normal,738
SD-00329,CR-002,CMP-002,2026-09-05 17:18,59.77,0.345,19.2,23.6,147.6,1464.4,28.4,59.77,0.345,Normal,732
SD-00330,CR-002,CMP-002,2026-09-05 20:54,59.98,0.284,20.2,29.4,141.9,1468.0,28.8,59.98,0.284,Normal,726
SD-00331,CR-002,CMP-002,2026-09-06 00:30,58.83,0.245,16.7,29.3,148.8,1471.6,29.0,58.83,0.245,Normal,720
SD-00332,CR-002,CMP-002,2026-09-06 04:06,60.87,0.321,16.7,28.6,148.2,1475.2,29.5,60.87,0.321,Normal,714
SD-00333,CR-002,CMP-002,2026-09-06 07:42,61.43,0.328,18.7,29.6,144.9,1478.8,26.2,61.43,0.328,Normal,708
SD-00334,CR-002,CMP-002,2026-09-06 11:18,59.8,0.27,16.6,27.8,141.8,1482.4,27.4,59.8,0.27,Normal,702
SD-00335,CR-002,CMP-002,2026-09-06 14:54,57.73,0.309,18.0,26.8,147.6,1486.0,29.9,57.73,0.309,Normal,696
SD-00336,CR-002,CMP-002,2026-09-06 18:30,58.07,0.269,16.5,26.6,148.3,1489.6,27.6,58.07,0.269,Normal,690
SD-00337,CR-002,CMP-002,2026-09-06 22:06,59.68,0.22,19.3,26.1,145.2,1493.2,28.6,59.68,0.22,Normal,684
SD-00338,CR-002,CMP-002,2026-09-07 01:42,61.63,0.248,12.0,28.3,152.2,1496.8,30.5,61.63,0.248,Normal,678
SD-00339,CR-002,CMP-002,2026-09-07 05:18,60.25,0.28,19.6,26.5,146.9,1500.4,29.0,60.25,0.28,Normal,672
SD-00340,CR-002,CMP-002,2026-09-07 08:54,61.27,0.41,18.8,27.2,144.9,1504.0,24.5,61.27,0.41,Normal,666
SD-00341,CR-002,CMP-002,2026-09-07 12:30,59.17,0.284,17.0,28.2,141.7,1507.6,30.2,59.17,0.284,Normal,660
SD-00342,CR-002,CMP-002,2026-09-07 16:06,60.0,0.3,17.3,28.2,148.3,1511.2,26.3,60.0,0.3,Normal,654
SD-00343,CR-002,CMP-002,2026-09-07 19:42,59.21,0.288,15.3,26.8,143.1,1514.8,29.7,59.21,0.288,Normal,648
SD-00344,CR-002,CMP-002,2026-09-07 23:18,60.32,0.308,19.7,27.8,146.6,1518.4,27.8,60.32,0.308,Normal,642
SD-00345,CR-002,CMP-002,2026-09-08 02:54,60.32,0.277,13.1,27.8,150.7,1522.0,29.9,60.32,0.277,Normal,636
SD-00346,CR-002,CMP-002,2026-09-08 06:30,61.16,0.349,18.2,28.3,142.5,1525.6,27.4,61.16,0.349,Normal,630
SD-00347,CR-002,CMP-002,2026-09-08 10:06,60.74,0.348,17.7,27.3,145.0,1529.2,29.2,60.74,0.348,Normal,624
SD-00348,CR-002,CMP-002,2026-09-08 13:42,58.27,0.208,16.9,26.2,143.0,1532.8,27.7,58.27,0.208,Normal,618
SD-00349,CR-002,CMP-002,2026-09-08 17:18,59.46,0.358,18.7,28.5,147.5,1536.4,25.7,59.46,0.358,Normal,612
SD-00350,CR-002,CMP-002,2026-09-08 20:54,61.25,0.297,19.3,26.4,138.8,1540.0,29.6,61.25,0.297,Normal,606
SD-00351,CR-002,CMP-002,2026-09-09 00:30,60.45,0.264,16.3,29.7,140.2,1543.6,31.3,60.45,0.264,Normal,600
SD-00352,CR-002,CMP-002,2026-09-09 04:06,58.92,0.326,17.3,28.9,142.8,1547.2,27.7,58.92,0.326,Normal,594
SD-00353,CR-002,CMP-002,2026-09-09 07:42,60.05,0.26,19.5,27.2,144.1,1550.8,26.0,60.05,0.26,Normal,588
SD-00354,CR-002,CMP-002,2026-09-09 11:18,56.93,0.292,22.8,29.2,144.9,1554.4,27.5,56.93,0.292,Normal,582
SD-00355,CR-002,CMP-002,2026-09-09 14:54,60.03,0.322,15.6,29.7,147.9,1558.0,29.4,60.03,0.322,Normal,576
SD-00356,CR-002,CMP-002,2026-09-09 18:30,60.53,0.301,19.3,28.9,143.6,1561.6,26.9,60.53,0.301,Normal,570
SD-00357,CR-002,CMP-002,2026-09-09 22:06,60.12,0.362,15.5,25.8,145.7,1565.2,28.1,60.12,0.362,Normal,564
SD-00358,CR-002,CMP-002,2026-09-10 01:42,60.21,0.31,17.6,30.2,138.6,1568.8,26.3,60.21,0.31,Normal,558
SD-00359,CR-002,CMP-002,2026-09-10 05:18,59.88,0.234,17.6,30.5,145.1,1572.4,28.5,59.88,0.234,Normal,552
SD-00360,CR-002,CMP-002,2026-09-10 08:54,58.49,0.275,17.2,27.5,150.1,1576.0,29.1,58.49,0.275,Normal,546
SD-00361,CR-002,CMP-002,2026-09-10 12:30,58.67,0.31,19.0,29.7,151.3,1579.6,26.0,58.67,0.31,Normal,540
SD-00362,CR-002,CMP-002,2026-09-10 16:06,59.03,0.25,17.5,28.7,148.9,1583.2,27.8,59.03,0.25,Normal,534
SD-00363,CR-002,CMP-002,2026-09-10 19:42,59.62,0.306,16.3,31.1,138.6,1586.8,28.4,59.62,0.306,Normal,528
SD-00364,CR-002,CMP-002,2026-09-10 23:18,62.43,0.3,17.6,27.5,144.3,1590.4,30.7,62.43,0.3,Normal,522
SD-00365,CR-002,CMP-002,2026-09-11 02:54,57.35,0.361,15.2,27.6,143.3,1594.0,29.2,57.35,0.361,Normal,516
SD-00366,CR-002,CMP-002,2026-09-11 06:30,58.08,0.318,22.0,26.0,145.8,1597.6,26.7,58.08,0.318,Normal,510
SD-00367,CR-002,CMP-002,2026-09-11 10:06,60.51,0.301,16.7,28.7,152.2,1601.2,27.6,60.51,0.301,Normal,504
SD-00368,CR-002,CMP-002,2026-09-11 13:42,60.86,0.248,16.1,28.7,150.9,1604.8,28.7,60.86,0.248,Normal,498
SD-00369,CR-002,CMP-002,2026-09-11 17:18,59.62,0.3,15.5,28.9,148.5,1608.4,27.1,59.62,0.3,Normal,492
SD-00370,CR-002,CMP-002,2026-09-11 20:54,59.44,0.311,17.1,27.9,153.4,1612.0,27.5,59.44,0.311,Normal,486
SD-00371,CR-002,CMP-002,2026-09-12 00:30,59.57,0.274,19.5,27.7,142.4,1615.6,30.6,59.57,0.274,Normal,480
SD-00372,CR-002,CMP-002,2026-09-12 04:06,61.7,0.276,14.3,29.5,142.3,1619.2,29.6,61.7,0.276,Normal,474
SD-00373,CR-002,CMP-002,2026-09-12 07:42,57.64,0.336,15.6,29.1,145.1,1622.8,26.1,57.64,0.336,Normal,468
SD-00374,CR-002,CMP-002,2026-09-12 11:18,59.51,0.327,18.2,28.9,152.9,1626.4,24.9,59.51,0.327,Normal,462
SD-00375,CR-002,CMP-002,2026-09-12 14:54,61.94,0.304,16.2,26.0,144.2,1630.0,29.8,61.94,0.304,Normal,456
SD-00376,CR-002,CMP-002,2026-09-12 18:30,59.85,0.36,15.1,28.0,140.0,1633.6,28.7,59.85,0.36,Normal,450
SD-00377,CR-002,CMP-002,2026-09-12 22:06,61.06,0.283,12.8,28.3,146.7,1637.2,28.8,61.06,0.283,Normal,444
SD-00378,CR-002,CMP-002,2026-09-13 01:42,61.48,0.257,19.4,29.8,137.9,1640.8,28.6,61.48,0.257,Normal,438
SD-00379,CR-002,CMP-002,2026-09-13 05:18,59.39,0.297,18.7,27.3,142.3,1644.4,28.1,59.39,0.297,Normal,432
SD-00380,CR-002,CMP-002,2026-09-13 08:54,58.7,0.257,19.4,26.3,147.7,1648.0,28.9,58.7,0.257,Normal,426
SD-00381,CR-002,CMP-002,2026-09-13 12:30,57.93,0.273,20.4,26.5,143.1,1651.6,28.9,57.93,0.273,Normal,420
SD-00382,CR-002,CMP-002,2026-09-13 16:06,60.94,0.29,16.8,30.1,152.0,1655.2,30.0,60.94,0.29,Normal,414
SD-00383,CR-002,CMP-002,2026-09-13 19:42,60.1,0.268,16.3,28.8,146.7,1658.8,30.8,60.1,0.268,Normal,408
SD-00384,CR-002,CMP-002,2026-09-13 23:18,60.78,0.24,20.1,26.5,143.5,1662.4,28.5,60.78,0.24,Normal,402
SD-00385,CR-002,CMP-002,2026-09-14 02:54,62.39,0.424,19.2,27.7,147.1,1666.0,29.8,62.39,0.424,Normal,396
SD-00386,CR-002,CMP-002,2026-09-14 06:30,59.62,0.372,18.5,28.7,147.7,1669.6,28.8,59.62,0.372,Normal,390
SD-00387,CR-002,CMP-002,2026-09-14 10:06,61.01,0.275,16.9,26.3,146.8,1673.2,29.6,61.01,0.275,Normal,384
SD-00388,CR-002,CMP-002,2026-09-14 13:42,60.55,0.367,18.0,29.0,140.6,1676.8,27.2,60.55,0.367,Normal,378
SD-00389,CR-002,CMP-002,2026-09-14 17:18,60.83,0.334,17.4,27.9,138.9,1680.4,27.3,60.83,0.334,Normal,372
SD-00390,CR-002,CMP-002,2026-09-14 20:54,61.07,0.323,19.0,28.1,145.0,1684.0,26.7,61.07,0.323,Normal,366
SD-00391,CR-002,CMP-002,2026-09-15 00:30,60.84,0.317,19.0,27.2,136.4,1687.6,30.2,60.84,0.317,Normal,360
SD-00392,CR-002,CMP-002,2026-09-15 04:06,59.43,0.265,19.4,27.4,149.2,1691.2,29.2,59.43,0.265,Normal,354
SD-00393,CR-002,CMP-002,2026-09-15 07:42,60.82,0.245,20.4,28.4,143.5,1694.8,28.3,60.82,0.245,Normal,348
SD-00394,CR-002,CMP-002,2026-09-15 11:18,57.87,0.316,15.9,26.0,138.9,1698.4,30.2,57.87,0.316,Normal,342
SD-00395,CR-002,CMP-002,2026-09-15 14:54,59.24,0.361,16.9,25.4,140.5,1702.0,30.5,59.24,0.361,Normal,336
SD-00396,CR-002,CMP-002,2026-09-15 18:30,59.81,0.278,18.3,28.8,149.5,1705.6,30.9,59.81,0.278,Normal,330
SD-00397,CR-002,CMP-002,2026-09-15 22:06,59.57,0.247,17.2,28.4,141.1,1709.2,26.1,59.57,0.247,Normal,324
SD-00398,CR-002,CMP-002,2026-09-16 01:42,60.41,0.298,18.1,26.9,144.1,1712.8,26.2,60.41,0.298,Normal,318
SD-00399,CR-002,CMP-002,2026-09-16 05:18,61.07,0.341,14.3,26.6,139.0,1716.4,26.7,61.07,0.341,Normal,312
SD-00400,CR-002,CMP-002,2026-09-16 08:54,59.9,0.242,16.2,26.5,145.8,1720.0,28.1,59.9,0.242,Normal,306
SD-00401,CR-003,CMP-001,2026-08-17 12:30,76.56,1.114,26.6,47.2,185.0,1003.6,30.7,76.56,1.114,Warning,800
SD-00402,CR-003,CMP-001,2026-08-17 16:06,75.48,1.171,30.0,44.6,179.9,1007.2,31.1,75.48,1.171,Warning,796
SD-00403,CR-003,CMP-001,2026-08-17 19:42,75.91,1.037,30.5,48.8,178.3,1010.8,28.7,75.91,1.037,Warning,793
SD-00404,CR-003,CMP-001,2026-08-17 23:18,79.02,1.009,30.6,51.5,173.6,1014.4,27.9,79.02,1.009,Warning,789
SD-00405,CR-003,CMP-001,2026-08-18 02:54,75.26,1.161,29.4,47.8,181.7,1018.0,27.3,75.26,1.161,Warning,786
SD-00406,CR-003,CMP-001,2026-08-18 06:30,79.53,1.043,27.9,47.5,176.4,1021.6,27.3,79.53,1.043,Warning,782
SD-00407,CR-003,CMP-001,2026-08-18 10:06,78.22,1.196,26.9,43.2,185.5,1025.2,30.8,78.22,1.196,Warning,779
SD-00408,CR-003,CMP-001,2026-08-18 13:42,75.98,1.19,26.7,48.8,176.8,1028.8,27.5,75.98,1.19,Warning,775
SD-00409,CR-003,CMP-001,2026-08-18 17:18,77.07,1.085,25.7,45.5,174.6,1032.4,26.6,77.07,1.085,Warning,772
SD-00410,CR-003,CMP-001,2026-08-18 20:54,80.08,1.264,26.5,48.7,178.0,1036.0,28.9,80.08,1.264,Warning,768
SD-00411,CR-003,CMP-001,2026-08-19 00:30,78.95,1.209,29.2,44.3,180.2,1039.6,29.8,78.95,1.209,Warning,765
SD-00412,CR-003,CMP-001,2026-08-19 04:06,77.35,1.158,29.7,47.4,181.4,1043.2,32.7,77.35,1.158,Warning,761
SD-00413,CR-003,CMP-001,2026-08-19 07:42,77.39,1.05,28.8,50.2,173.6,1046.8,30.9,77.39,1.05,Warning,758
SD-00414,CR-003,CMP-001,2026-08-19 11:18,76.36,1.22,26.5,53.2,187.0,1050.4,26.5,76.36,1.22,Warning,754
SD-00415,CR-003,CMP-001,2026-08-19 14:54,78.02,1.239,27.0,47.9,175.2,1054.0,24.2,78.02,1.239,Warning,751
SD-00416,CR-003,CMP-001,2026-08-19 18:30,79.17,1.12,26.8,52.3,167.5,1057.6,29.6,79.17,1.12,Warning,747
SD-00417,CR-003,CMP-001,2026-08-19 22:06,78.72,1.158,30.0,49.0,178.4,1061.2,29.9,78.72,1.158,Warning,744
SD-00418,CR-003,CMP-001,2026-08-20 01:42,78.7,1.136,25.3,45.5,192.7,1064.8,30.5,78.7,1.136,Warning,740
SD-00419,CR-003,CMP-001,2026-08-20 05:18,76.74,1.084,29.2,49.6,178.3,1068.4,27.5,76.74,1.084,Warning,737
SD-00420,CR-003,CMP-001,2026-08-20 08:54,79.27,1.221,28.2,41.3,173.6,1072.0,26.3,79.27,1.221,Warning,733
SD-00421,CR-003,CMP-001,2026-08-20 12:30,79.95,1.439,28.9,47.1,180.5,1075.6,29.0,79.95,1.439,Warning,730
SD-00422,CR-003,CMP-001,2026-08-20 16:06,80.52,1.254,33.1,44.6,177.8,1079.2,26.1,80.52,1.254,Warning,726
SD-00423,CR-003,CMP-001,2026-08-20 19:42,80.87,1.137,27.0,47.1,180.9,1082.8,29.8,80.87,1.137,Warning,723
SD-00424,CR-003,CMP-001,2026-08-20 23:18,77.35,1.219,26.2,44.2,173.7,1086.4,27.4,77.35,1.219,Warning,719
SD-00425,CR-003,CMP-001,2026-08-21 02:54,84.77,1.255,24.6,46.3,181.1,1090.0,32.2,84.77,1.255,Warning,716
SD-00426,CR-003,CMP-001,2026-08-21 06:30,76.83,1.075,32.7,49.2,169.8,1093.6,29.1,76.83,1.075,Warning,712
SD-00427,CR-003,CMP-001,2026-08-21 10:06,74.81,1.23,28.8,50.8,168.9,1097.2,28.2,74.81,1.23,Warning,709
SD-00428,CR-003,CMP-001,2026-08-21 13:42,78.31,1.255,25.8,46.8,169.0,1100.8,29.3,78.31,1.255,Warning,705
SD-00429,CR-003,CMP-001,2026-08-21 17:18,81.96,1.221,28.1,43.7,173.2,1104.4,27.9,81.96,1.221,Warning,702
SD-00430,CR-003,CMP-001,2026-08-21 20:54,85.56,1.156,31.7,51.0,176.7,1108.0,31.5,85.56,1.156,Warning,698
SD-00431,CR-003,CMP-001,2026-08-22 00:30,81.14,1.281,27.9,51.7,181.6,1111.6,26.7,81.14,1.281,Warning,695
SD-00432,CR-003,CMP-001,2026-08-22 04:06,77.84,1.239,26.0,47.8,182.4,1115.2,27.1,77.84,1.239,Warning,691
SD-00433,CR-003,CMP-001,2026-08-22 07:42,80.47,1.265,30.1,41.3,171.4,1118.8,28.4,80.47,1.265,Warning,688
SD-00434,CR-003,CMP-001,2026-08-22 11:18,83.04,1.226,23.3,49.9,171.2,1122.4,25.6,83.04,1.226,Warning,684
SD-00435,CR-003,CMP-001,2026-08-22 14:54,79.47,1.255,26.5,41.4,180.4,1126.0,30.5,79.47,1.255,Warning,681
SD-00436,CR-003,CMP-001,2026-08-22 18:30,82.1,1.184,27.5,48.0,178.6,1129.6,29.3,82.1,1.184,Warning,677
SD-00437,CR-003,CMP-001,2026-08-22 22:06,79.41,1.287,29.1,52.4,179.2,1133.2,29.6,79.41,1.287,Warning,674
SD-00438,CR-003,CMP-001,2026-08-23 01:42,81.13,1.398,29.0,45.4,183.4,1136.8,29.4,81.13,1.398,Warning,670
SD-00439,CR-003,CMP-001,2026-08-23 05:18,80.15,1.252,28.7,49.4,176.2,1140.4,28.6,80.15,1.252,Warning,667
SD-00440,CR-003,CMP-001,2026-08-23 08:54,84.52,1.381,28.5,50.8,168.8,1144.0,28.8,84.52,1.381,Warning,663
SD-00441,CR-003,CMP-001,2026-08-23 12:30,84.82,1.283,25.9,46.0,168.5,1147.6,26.4,84.82,1.283,Warning,660
SD-00442,CR-003,CMP-001,2026-08-23 16:06,80.54,1.193,28.0,50.7,169.6,1151.2,31.0,80.54,1.193,Warning,656
SD-00443,CR-003,CMP-001,2026-08-23 19:42,82.38,1.392,26.4,50.6,168.4,1154.8,29.8,82.38,1.392,Warning,653
SD-00444,CR-003,CMP-001,2026-08-23 23:18,81.78,1.359,25.1,45.3,178.6,1158.4,26.1,81.78,1.359,Warning,649
SD-00445,CR-003,CMP-001,2026-08-24 02:54,82.45,1.211,30.1,44.3,178.3,1162.0,29.3,82.45,1.211,Warning,646
SD-00446,CR-003,CMP-001,2026-08-24 06:30,80.21,1.372,28.7,46.4,168.9,1165.6,24.1,80.21,1.372,Warning,642
SD-00447,CR-003,CMP-001,2026-08-24 10:06,82.38,1.205,28.2,47.2,179.1,1169.2,27.4,82.38,1.205,Warning,639
SD-00448,CR-003,CMP-001,2026-08-24 13:42,81.1,1.394,28.8,48.9,177.8,1172.8,24.9,81.1,1.394,Warning,635
SD-00449,CR-003,CMP-001,2026-08-24 17:18,83.35,1.389,25.5,47.3,174.8,1176.4,27.7,83.35,1.389,Warning,632
SD-00450,CR-003,CMP-001,2026-08-24 20:54,82.59,1.46,30.7,44.1,178.7,1180.0,30.7,82.59,1.46,Warning,628
SD-00451,CR-003,CMP-001,2026-08-25 00:30,82.77,1.437,33.0,51.1,176.5,1183.6,30.1,82.77,1.437,Warning,625
SD-00452,CR-003,CMP-001,2026-08-25 04:06,82.37,1.357,27.1,52.7,170.1,1187.2,31.1,82.37,1.357,Warning,621
SD-00453,CR-003,CMP-001,2026-08-25 07:42,83.16,1.248,28.9,41.7,178.8,1190.8,29.8,83.16,1.248,Warning,618
SD-00454,CR-003,CMP-001,2026-08-25 11:18,81.06,1.375,32.9,46.5,168.6,1194.4,31.0,81.06,1.375,Warning,614
SD-00455,CR-003,CMP-001,2026-08-25 14:54,86.25,1.37,30.5,52.0,170.5,1198.0,27.0,86.25,1.37,Warning,611
SD-00456,CR-003,CMP-001,2026-08-25 18:30,84.86,1.51,29.4,45.4,186.9,1201.6,26.9,84.86,1.51,Warning,607
SD-00457,CR-003,CMP-001,2026-08-25 22:06,81.81,1.407,31.9,50.6,177.5,1205.2,28.9,81.81,1.407,Warning,604
SD-00458,CR-003,CMP-001,2026-08-26 01:42,82.65,1.43,21.7,47.1,176.4,1208.8,25.7,82.65,1.43,Warning,600
SD-00459,CR-003,CMP-001,2026-08-26 05:18,83.41,1.374,32.4,52.7,172.2,1212.4,27.7,83.41,1.374,Warning,597
SD-00460,CR-003,CMP-001,2026-08-26 08:54,82.57,1.359,28.5,45.7,168.2,1216.0,29.2,82.57,1.359,Warning,593
SD-00461,CR-003,CMP-001,2026-08-26 12:30,84.06,1.336,30.2,46.1,176.5,1219.6,29.6,84.06,1.336,Warning,590
SD-00462,CR-003,CMP-001,2026-08-26 16:06,82.81,1.441,26.7,47.4,173.8,1223.2,26.5,82.81,1.441,Warning,586
SD-00463,CR-003,CMP-001,2026-08-26 19:42,82.61,1.286,26.8,47.1,173.5,1226.8,27.5,82.61,1.286,Warning,583
SD-00464,CR-003,CMP-001,2026-08-26 23:18,82.92,1.453,30.2,46.1,167.8,1230.4,25.9,82.92,1.453,Warning,579
SD-00465,CR-003,CMP-001,2026-08-27 02:54,82.15,1.392,26.1,44.1,172.3,1234.0,28.4,82.15,1.392,Warning,576
SD-00466,CR-003,CMP-001,2026-08-27 06:30,84.39,1.38,27.0,45.2,174.8,1237.6,26.3,84.39,1.38,Warning,572
SD-00467,CR-003,CMP-001,2026-08-27 10:06,84.43,1.287,27.1,48.9,176.1,1241.2,33.4,84.43,1.287,Warning,569
SD-00468,CR-003,CMP-001,2026-08-27 13:42,84.06,1.355,27.8,42.7,174.5,1244.8,26.3,84.06,1.355,Warning,565
SD-00469,CR-003,CMP-001,2026-08-27 17:18,85.27,1.396,27.7,46.1,185.4,1248.4,27.4,85.27,1.396,Warning,562
SD-00470,CR-003,CMP-001,2026-08-27 20:54,87.19,1.51,29.2,49.1,177.4,1252.0,24.1,87.19,1.51,Warning,558
SD-00471,CR-003,CMP-001,2026-08-28 00:30,83.04,1.518,27.9,43.8,174.7,1255.6,31.4,83.04,1.518,Warning,555
SD-00472,CR-003,CMP-001,2026-08-28 04:06,86.17,1.45,30.4,46.9,164.8,1259.2,26.2,86.17,1.45,Warning,551
SD-00473,CR-003,CMP-001,2026-08-28 07:42,86.89,1.438,27.4,47.1,186.4,1262.8,31.3,86.89,1.438,Warning,548
SD-00474,CR-003,CMP-001,2026-08-28 11:18,88.28,1.452,28.7,43.5,183.9,1266.4,25.7,88.28,1.452,Warning,544
SD-00475,CR-003,CMP-001,2026-08-28 14:54,84.35,1.382,26.5,45.5,171.4,1270.0,26.9,84.35,1.382,Warning,541
SD-00476,CR-003,CMP-001,2026-08-28 18:30,82.9,1.542,25.2,48.7,182.3,1273.6,27.0,82.9,1.542,Warning,537
SD-00477,CR-003,CMP-001,2026-08-28 22:06,82.64,1.462,30.9,48.6,171.8,1277.2,29.0,82.64,1.462,Warning,534
SD-00478,CR-003,CMP-001,2026-08-29 01:42,81.96,1.54,29.0,47.1,170.0,1280.8,26.2,81.96,1.54,Warning,530
SD-00479,CR-003,CMP-001,2026-08-29 05:18,85.31,1.588,26.4,49.4,162.5,1284.4,26.8,85.31,1.588,Warning,527
SD-00480,CR-003,CMP-001,2026-08-29 08:54,84.26,1.422,25.7,46.0,176.8,1288.0,27.6,84.26,1.422,Warning,523
SD-00481,CR-003,CMP-001,2026-08-29 12:30,79.92,1.33,26.5,49.4,158.5,1291.6,27.0,79.92,1.33,Warning,520
SD-00482,CR-003,CMP-001,2026-08-29 16:06,83.43,1.616,27.0,49.1,175.8,1295.2,23.7,83.43,1.616,Warning,516
SD-00483,CR-003,CMP-001,2026-08-29 19:42,86.1,1.527,29.3,59.8,162.5,1298.8,31.4,86.1,1.527,Warning,513
SD-00484,CR-003,CMP-001,2026-08-29 23:18,84.07,1.538,27.9,46.7,171.6,1302.4,28.7,84.07,1.538,Warning,509
SD-00485,CR-003,CMP-001,2026-08-30 02:54,81.69,1.58,27.0,44.6,172.3,1306.0,30.5,81.69,1.58,Warning,506
SD-00486,CR-003,CMP-001,2026-08-30 06:30,83.73,1.554,26.2,50.3,179.1,1309.6,31.7,83.73,1.554,Warning,502
SD-00487,CR-003,CMP-001,2026-08-30 10:06,84.53,1.583,28.2,51.9,170.7,1313.2,29.5,84.53,1.583,Warning,499
SD-00488,CR-003,CMP-001,2026-08-30 13:42,84.57,1.53,28.2,48.8,174.3,1316.8,28.4,84.57,1.53,Warning,495
SD-00489,CR-003,CMP-001,2026-08-30 17:18,88.2,1.619,30.2,46.6,169.7,1320.4,29.9,88.2,1.619,Warning,492
SD-00490,CR-003,CMP-001,2026-08-30 20:54,86.87,1.663,26.5,47.3,165.2,1324.0,27.2,86.87,1.663,Warning,488
SD-00491,CR-003,CMP-001,2026-08-31 00:30,87.19,1.513,29.6,47.4,176.9,1327.6,25.7,87.19,1.513,Warning,485
SD-00492,CR-003,CMP-001,2026-08-31 04:06,85.45,1.316,27.5,43.1,182.2,1331.2,29.6,85.45,1.316,Warning,481
SD-00493,CR-003,CMP-001,2026-08-31 07:42,86.29,1.682,25.6,53.2,180.6,1334.8,27.5,86.29,1.682,Warning,478
SD-00494,CR-003,CMP-001,2026-08-31 11:18,87.71,1.476,25.9,46.2,171.8,1338.4,25.9,87.71,1.476,Warning,474
SD-00495,CR-003,CMP-001,2026-08-31 14:54,87.97,1.549,28.9,46.3,164.1,1342.0,28.5,87.97,1.549,Warning,471
SD-00496,CR-003,CMP-001,2026-08-31 18:30,81.78,1.57,24.6,54.0,180.5,1345.6,28.2,81.78,1.57,Warning,467
SD-00497,CR-003,CMP-001,2026-08-31 22:06,88.21,1.512,29.4,48.6,176.6,1349.2,30.5,88.21,1.512,Warning,464
SD-00498,CR-003,CMP-001,2026-09-01 01:42,87.22,1.608,23.9,45.1,174.3,1352.8,28.2,87.22,1.608,Warning,460
SD-00499,CR-003,CMP-001,2026-09-01 05:18,83.58,1.783,31.8,49.8,175.4,1356.4,27.6,83.58,1.783,Warning,457
SD-00500,CR-003,CMP-001,2026-09-01 08:54,84.02,1.601,28.6,44.3,177.0,1360.0,27.7,84.02,1.601,Warning,453
SD-00501,CR-003,CMP-001,2026-09-01 12:30,82.18,1.531,27.0,53.7,178.3,1363.6,25.3,82.18,1.531,Warning,450
SD-00502,CR-003,CMP-001,2026-09-01 16:06,87.05,1.481,30.7,46.6,174.4,1367.2,30.7,87.05,1.481,Warning,446
SD-00503,CR-003,CMP-001,2026-09-01 19:42,83.59,1.498,26.5,51.1,165.9,1370.8,22.3,83.59,1.498,Warning,443
SD-00504,CR-003,CMP-001,2026-09-01 23:18,85.34,1.659,31.0,46.6,172.5,1374.4,30.3,85.34,1.659,Warning,439
SD-00505,CR-003,CMP-001,2026-09-02 02:54,82.58,1.589,28.5,49.3,171.9,1378.0,28.1,82.58,1.589,Warning,436
SD-00506,CR-003,CMP-001,2026-09-02 06:30,81.42,1.572,29.1,45.1,175.4,1381.6,28.9,81.42,1.572,Warning,432
SD-00507,CR-003,CMP-001,2026-09-02 10:06,85.79,1.644,25.6,47.4,178.7,1385.2,28.3,85.79,1.644,Warning,429
SD-00508,CR-003,CMP-001,2026-09-02 13:42,85.39,1.653,29.8,41.9,182.0,1388.8,27.3,85.39,1.653,Warning,425
SD-00509,CR-003,CMP-001,2026-09-02 17:18,87.49,1.736,24.6,45.9,173.3,1392.4,26.4,87.49,1.736,Warning,422
SD-00510,CR-003,CMP-001,2026-09-02 20:54,90.19,1.576,26.6,48.6,167.8,1396.0,27.2,90.19,1.576,Warning,418
SD-00511,CR-003,CMP-001,2026-09-03 00:30,87.43,1.623,27.8,46.4,165.9,1399.6,28.6,87.43,1.623,Warning,415
SD-00512,CR-003,CMP-001,2026-09-03 04:06,90.39,1.656,28.6,50.1,167.4,1403.2,31.4,90.39,1.656,Warning,411
SD-00513,CR-003,CMP-001,2026-09-03 07:42,87.36,1.791,26.2,53.5,179.7,1406.8,29.1,87.36,1.791,Warning,408
SD-00514,CR-003,CMP-001,2026-09-03 11:18,87.51,1.645,31.0,48.4,163.2,1410.4,25.8,87.51,1.645,Warning,404
SD-00515,CR-003,CMP-001,2026-09-03 14:54,86.75,1.695,27.9,51.7,163.3,1414.0,28.3,86.75,1.695,Warning,401
SD-00516,CR-003,CMP-001,2026-09-03 18:30,83.56,1.736,27.8,49.3,169.8,1417.6,30.6,83.56,1.736,Warning,397
SD-00517,CR-003,CMP-001,2026-09-03 22:06,89.36,1.727,27.7,49.7,170.8,1421.2,29.7,89.36,1.727,Warning,394
SD-00518,CR-003,CMP-001,2026-09-04 01:42,90.66,1.771,26.2,49.1,167.2,1424.8,29.1,90.66,1.771,Warning,390
SD-00519,CR-003,CMP-001,2026-09-04 05:18,88.34,1.54,25.1,47.2,173.2,1428.4,25.6,88.34,1.54,Warning,387
SD-00520,CR-003,CMP-001,2026-09-04 08:54,88.3,1.715,27.5,45.7,181.3,1432.0,31.3,88.3,1.715,Warning,383
SD-00521,CR-003,CMP-001,2026-09-04 12:30,86.63,1.651,29.2,46.9,174.2,1435.6,29.5,86.63,1.651,Warning,380
SD-00522,CR-003,CMP-001,2026-09-04 16:06,83.86,1.81,28.2,46.8,174.5,1439.2,27.9,83.86,1.81,Warning,376
SD-00523,CR-003,CMP-001,2026-09-04 19:42,84.3,1.83,28.1,49.3,180.7,1442.8,26.0,84.3,1.83,Warning,373
SD-00524,CR-003,CMP-001,2026-09-04 23:18,88.79,1.694,30.1,41.6,174.4,1446.4,26.8,88.79,1.694,Warning,369
SD-00525,CR-003,CMP-001,2026-09-05 02:54,88.78,1.758,26.2,45.9,174.3,1450.0,26.2,88.78,1.758,Warning,366
SD-00526,CR-003,CMP-001,2026-09-05 06:30,89.68,1.695,20.7,46.9,168.8,1453.6,24.7,89.68,1.695,Warning,362
SD-00527,CR-003,CMP-001,2026-09-05 10:06,85.61,1.739,31.3,48.9,171.4,1457.2,28.9,85.61,1.739,Warning,359
SD-00528,CR-003,CMP-001,2026-09-05 13:42,87.24,1.679,25.1,42.7,172.7,1460.8,28.3,87.24,1.679,Warning,355
SD-00529,CR-003,CMP-001,2026-09-05 17:18,88.05,1.707,25.6,49.8,167.1,1464.4,29.6,88.05,1.707,Warning,352
SD-00530,CR-003,CMP-001,2026-09-05 20:54,86.32,1.685,24.3,46.5,180.9,1468.0,29.0,86.32,1.685,Warning,348
SD-00531,CR-003,CMP-001,2026-09-06 00:30,90.36,1.792,25.2,47.0,170.3,1471.6,30.7,90.36,1.792,Warning,345
SD-00532,CR-003,CMP-001,2026-09-06 04:06,86.09,1.826,30.2,53.5,172.5,1475.2,29.4,86.09,1.826,Warning,341
SD-00533,CR-003,CMP-001,2026-09-06 07:42,93.12,1.711,24.2,42.4,179.3,1478.8,24.2,93.12,1.711,Warning,338
SD-00534,CR-003,CMP-001,2026-09-06 11:18,87.9,1.8,28.5,49.3,176.3,1482.4,30.6,87.9,1.8,Warning,334
SD-00535,CR-003,CMP-001,2026-09-06 14:54,86.82,1.716,26.1,50.5,180.4,1486.0,28.9,86.82,1.716,Warning,331
SD-00536,CR-003,CMP-001,2026-09-06 18:30,91.17,1.681,32.2,52.6,179.4,1489.6,31.6,91.17,1.681,Warning,327
SD-00537,CR-003,CMP-001,2026-09-06 22:06,85.57,1.738,26.2,50.2,168.7,1493.2,29.5,85.57,1.738,Warning,324
SD-00538,CR-003,CMP-001,2026-09-07 01:42,91.7,1.841,28.7,45.0,169.9,1496.8,30.5,91.7,1.841,Warning,320
SD-00539,CR-003,CMP-001,2026-09-07 05:18,90.6,1.787,27.0,41.9,168.6,1500.4,31.8,90.6,1.787,Warning,317
SD-00540,CR-003,CMP-001,2026-09-07 08:54,86.56,1.81,30.5,44.2,176.1,1504.0,29.9,86.56,1.81,Warning,313
SD-00541,CR-003,CMP-001,2026-09-07 12:30,89.22,2.029,23.8,51.2,174.0,1507.6,29.5,89.22,2.029,Warning,310
SD-00542,CR-003,CMP-001,2026-09-07 16:06,90.16,1.746,28.6,42.4,178.6,1511.2,28.6,90.16,1.746,Warning,306
SD-00543,CR-003,CMP-001,2026-09-07 19:42,90.64,1.895,28.9,48.4,169.7,1514.8,26.6,90.64,1.895,Warning,303
SD-00544,CR-003,CMP-001,2026-09-07 23:18,91.81,1.93,27.4,48.1,169.6,1518.4,30.3,91.81,1.93,Warning,299
SD-00545,CR-003,CMP-001,2026-09-08 02:54,90.85,1.975,25.8,46.9,176.4,1522.0,29.3,90.85,1.975,Warning,296
SD-00546,CR-003,CMP-001,2026-09-08 06:30,89.17,1.755,30.2,50.2,169.5,1525.6,30.7,89.17,1.755,Warning,292
SD-00547,CR-003,CMP-001,2026-09-08 10:06,92.02,1.841,28.2,49.7,169.8,1529.2,28.1,92.02,1.841,Warning,289
SD-00548,CR-003,CMP-001,2026-09-08 13:42,85.46,1.905,24.1,52.5,173.0,1532.8,27.6,85.46,1.905,Warning,285
SD-00549,CR-003,CMP-001,2026-09-08 17:18,88.58,1.817,31.5,40.5,182.7,1536.4,28.7,88.58,1.817,Warning,282
SD-00550,CR-003,CMP-001,2026-09-08 20:54,87.51,1.759,32.2,45.2,168.1,1540.0,30.3,87.51,1.759,Warning,278
SD-00551,CR-003,CMP-001,2026-09-09 00:30,90.68,1.775,28.5,44.9,181.6,1543.6,30.1,90.68,1.775,High Risk,275
SD-00552,CR-003,CMP-001,2026-09-09 04:06,91.14,1.884,32.4,48.0,167.9,1547.2,28.9,91.14,1.884,High Risk,271
SD-00553,CR-003,CMP-001,2026-09-09 07:42,94.33,1.779,27.1,49.2,174.7,1550.8,26.0,94.33,1.779,High Risk,268
SD-00554,CR-003,CMP-001,2026-09-09 11:18,92.48,2.051,28.5,45.3,165.7,1554.4,28.5,92.48,2.051,High Risk,264
SD-00555,CR-003,CMP-001,2026-09-09 14:54,92.53,1.908,28.0,46.2,168.4,1558.0,29.7,92.53,1.908,High Risk,261
SD-00556,CR-003,CMP-001,2026-09-09 18:30,92.23,1.751,32.0,49.7,183.4,1561.6,25.3,92.23,1.751,High Risk,257
SD-00557,CR-003,CMP-001,2026-09-09 22:06,87.75,1.868,29.3,53.4,179.2,1565.2,27.5,87.75,1.868,High Risk,254
SD-00558,CR-003,CMP-001,2026-09-10 01:42,88.51,1.983,25.6,52.9,173.3,1568.8,31.2,88.51,1.983,High Risk,250
SD-00559,CR-003,CMP-001,2026-09-10 05:18,92.0,1.879,26.7,47.0,177.6,1572.4,28.2,92.0,1.879,High Risk,247
SD-00560,CR-003,CMP-001,2026-09-10 08:54,89.53,1.882,28.2,41.6,177.7,1576.0,26.0,89.53,1.882,High Risk,243
SD-00561,CR-003,CMP-001,2026-09-10 12:30,88.49,1.765,23.5,43.9,170.7,1579.6,31.9,88.49,1.765,High Risk,240
SD-00562,CR-003,CMP-001,2026-09-10 16:06,89.83,1.919,29.0,48.4,174.5,1583.2,25.6,89.83,1.919,High Risk,236
SD-00563,CR-003,CMP-001,2026-09-10 19:42,93.86,2.055,23.8,44.9,173.3,1586.8,26.1,93.86,2.055,High Risk,233
SD-00564,CR-003,CMP-001,2026-09-10 23:18,92.05,1.857,33.4,51.6,176.3,1590.4,30.1,92.05,1.857,High Risk,229
SD-00565,CR-003,CMP-001,2026-09-11 02:54,93.33,1.875,26.0,48.2,180.2,1594.0,28.3,93.33,1.875,High Risk,226
SD-00566,CR-003,CMP-001,2026-09-11 06:30,88.05,1.861,27.8,47.8,186.8,1597.6,25.2,88.05,1.861,High Risk,222
SD-00567,CR-003,CMP-001,2026-09-11 10:06,92.29,2.049,33.7,46.8,177.9,1601.2,29.1,92.29,2.049,High Risk,219
SD-00568,CR-003,CMP-001,2026-09-11 13:42,91.75,1.927,29.1,40.4,179.1,1604.8,28.3,91.75,1.927,High Risk,215
SD-00569,CR-003,CMP-001,2026-09-11 17:18,91.0,2.104,26.3,46.8,186.9,1608.4,26.3,91.0,2.104,High Risk,212
SD-00570,CR-003,CMP-001,2026-09-11 20:54,90.42,1.933,30.1,48.6,167.2,1612.0,26.9,90.42,1.933,High Risk,208
SD-00571,CR-003,CMP-001,2026-09-12 00:30,90.39,1.944,29.1,49.3,164.3,1615.6,30.1,90.39,1.944,High Risk,205
SD-00572,CR-003,CMP-001,2026-09-12 04:06,92.19,2.066,29.1,51.3,177.8,1619.2,30.7,92.19,2.066,High Risk,201
SD-00573,CR-003,CMP-001,2026-09-12 07:42,92.8,1.952,33.7,50.7,178.4,1622.8,25.4,92.8,1.952,High Risk,198
SD-00574,CR-003,CMP-001,2026-09-12 11:18,89.26,1.988,28.4,46.2,175.8,1626.4,31.2,89.26,1.988,High Risk,194
SD-00575,CR-003,CMP-001,2026-09-12 14:54,93.31,1.879,27.7,45.6,172.7,1630.0,27.2,93.31,1.879,High Risk,191
SD-00576,CR-003,CMP-001,2026-09-12 18:30,91.04,1.875,27.7,46.3,157.4,1633.6,32.1,91.04,1.875,High Risk,187
SD-00577,CR-003,CMP-001,2026-09-12 22:06,94.26,1.95,28.0,44.5,185.2,1637.2,31.8,94.26,1.95,High Risk,184
SD-00578,CR-003,CMP-001,2026-09-13 01:42,92.47,2.067,28.4,44.0,172.5,1640.8,28.3,92.47,2.067,High Risk,180
SD-00579,CR-003,CMP-001,2026-09-13 05:18,91.33,1.973,27.8,47.8,175.3,1644.4,25.9,91.33,1.973,High Risk,177
SD-00580,CR-003,CMP-001,2026-09-13 08:54,90.89,1.892,30.4,41.7,181.9,1648.0,30.8,90.89,1.892,High Risk,173
SD-00581,CR-003,CMP-001,2026-09-13 12:30,91.8,1.792,27.1,47.8,168.9,1651.6,27.0,91.8,1.792,High Risk,170
SD-00582,CR-003,CMP-001,2026-09-13 16:06,95.54,2.058,25.7,43.2,173.0,1655.2,27.6,95.54,2.058,High Risk,166
SD-00583,CR-003,CMP-001,2026-09-13 19:42,93.55,1.967,29.3,53.8,179.9,1658.8,27.9,93.55,1.967,High Risk,163
SD-00584,CR-003,CMP-001,2026-09-13 23:18,92.27,1.986,31.0,46.1,175.3,1662.4,28.1,92.27,1.986,High Risk,159
SD-00585,CR-003,CMP-001,2026-09-14 02:54,91.72,1.91,28.8,47.8,178.0,1666.0,26.9,91.72,1.91,High Risk,156
SD-00586,CR-003,CMP-001,2026-09-14 06:30,95.24,1.955,32.3,42.8,177.6,1669.6,29.0,95.24,1.955,High Risk,152
SD-00587,CR-003,CMP-001,2026-09-14 10:06,91.29,2.064,31.2,41.3,178.0,1673.2,23.0,91.29,2.064,High Risk,149
SD-00588,CR-003,CMP-001,2026-09-14 13:42,91.03,2.165,26.5,44.5,173.8,1676.8,32.1,91.03,2.165,High Risk,145
SD-00589,CR-003,CMP-001,2026-09-14 17:18,89.38,1.956,31.7,53.6,174.4,1680.4,25.5,89.38,1.956,High Risk,142
SD-00590,CR-003,CMP-001,2026-09-14 20:54,97.31,2.173,29.7,45.6,174.7,1684.0,27.7,97.31,2.173,High Risk,138
SD-00591,CR-003,CMP-001,2026-09-15 00:30,93.86,2.166,30.2,44.8,183.3,1687.6,28.6,93.86,2.166,High Risk,135
SD-00592,CR-003,CMP-001,2026-09-15 04:06,94.65,2.172,25.2,47.9,171.8,1691.2,24.9,94.65,2.172,High Risk,131
SD-00593,CR-003,CMP-001,2026-09-15 07:42,94.05,2.261,23.4,47.9,178.8,1694.8,28.2,94.05,2.261,High Risk,128
SD-00594,CR-003,CMP-001,2026-09-15 11:18,93.21,1.961,28.6,45.7,161.9,1698.4,30.4,93.21,1.961,High Risk,124
SD-00595,CR-003,CMP-001,2026-09-15 14:54,95.44,2.074,28.6,51.2,176.3,1702.0,29.8,95.44,2.074,High Risk,121
SD-00596,CR-003,CMP-001,2026-09-15 18:30,93.01,2.18,28.8,48.6,167.4,1705.6,28.6,93.01,2.18,High Risk,117
SD-00597,CR-003,CMP-001,2026-09-15 22:06,92.02,2.029,26.0,44.8,187.7,1709.2,30.7,92.02,2.029,High Risk,114
SD-00598,CR-003,CMP-001,2026-09-16 01:42,97.6,1.987,28.2,44.1,170.8,1712.8,26.2,97.6,1.987,High Risk,110
SD-00599,CR-003,CMP-001,2026-09-16 05:18,96.32,2.058,30.7,49.8,188.8,1716.4,25.0,96.32,2.058,High Risk,107
SD-00600,CR-003,CMP-001,2026-09-16 08:54,96.44,2.187,25.6,51.0,177.0,1720.0,27.5,96.44,2.187,High Risk,103
SD-00601,CR-004,CMP-001,2026-08-17 12:30,59.01,0.271,22.1,28.0,148.1,1003.6,26.4,59.01,0.271,Normal,1500
SD-00602,CR-004,CMP-001,2026-08-17 16:06,59.06,0.343,15.3,27.4,145.1,1007.2,28.2,59.06,0.343,Normal,1494
SD-00603,CR-004,CMP-001,2026-08-17 19:42,59.79,0.316,19.4,29.1,141.1,1010.8,27.4,59.79,0.316,Normal,1488
SD-00604,CR-004,CMP-001,2026-08-17 23:18,61.43,0.336,15.3,28.5,137.1,1014.4,28.1,61.43,0.336,Normal,1482
SD-00605,CR-004,CMP-001,2026-08-18 02:54,62.28,0.262,16.3,29.1,138.8,1018.0,26.7,62.28,0.262,Normal,1476
SD-00606,CR-004,CMP-001,2026-08-18 06:30,60.72,0.275,17.5,29.1,146.7,1021.6,28.5,60.72,0.275,Normal,1470
SD-00607,CR-004,CMP-001,2026-08-18 10:06,59.59,0.315,17.8,28.7,143.0,1025.2,27.6,59.59,0.315,Normal,1464
SD-00608,CR-004,CMP-001,2026-08-18 13:42,58.81,0.299,16.4,26.3,146.0,1028.8,28.4,58.81,0.299,Normal,1458
SD-00609,CR-004,CMP-001,2026-08-18 17:18,60.94,0.283,18.8,28.8,146.8,1032.4,26.3,60.94,0.283,Normal,1452
SD-00610,CR-004,CMP-001,2026-08-18 20:54,60.18,0.315,18.0,24.9,145.6,1036.0,32.4,60.18,0.315,Normal,1446
SD-00611,CR-004,CMP-001,2026-08-19 00:30,59.57,0.271,18.7,28.5,149.8,1039.6,25.5,59.57,0.271,Normal,1440
SD-00612,CR-004,CMP-001,2026-08-19 04:06,60.88,0.324,17.7,28.5,149.1,1043.2,29.7,60.88,0.324,Normal,1434
SD-00613,CR-004,CMP-001,2026-08-19 07:42,58.63,0.333,17.9,28.1,145.3,1046.8,27.7,58.63,0.333,Normal,1428
SD-00614,CR-004,CMP-001,2026-08-19 11:18,61.43,0.297,15.8,27.4,145.7,1050.4,30.5,61.43,0.297,Normal,1422
SD-00615,CR-004,CMP-001,2026-08-19 14:54,60.72,0.266,23.0,28.4,150.1,1054.0,27.7,60.72,0.266,Normal,1416
SD-00616,CR-004,CMP-001,2026-08-19 18:30,60.64,0.334,20.4,29.6,148.5,1057.6,27.4,60.64,0.334,Normal,1410
SD-00617,CR-004,CMP-001,2026-08-19 22:06,59.31,0.313,19.9,27.7,149.3,1061.2,30.9,59.31,0.313,Normal,1404
SD-00618,CR-004,CMP-001,2026-08-20 01:42,58.9,0.267,17.7,28.5,142.9,1064.8,30.7,58.9,0.267,Normal,1398
SD-00619,CR-004,CMP-001,2026-08-20 05:18,60.51,0.302,15.1,26.0,146.1,1068.4,23.7,60.51,0.302,Normal,1392
SD-00620,CR-004,CMP-001,2026-08-20 08:54,61.22,0.294,24.5,31.5,144.3,1072.0,27.8,61.22,0.294,Normal,1386
SD-00621,CR-004,CMP-001,2026-08-20 12:30,61.19,0.368,14.7,25.3,142.5,1075.6,29.2,61.19,0.368,Normal,1380
SD-00622,CR-004,CMP-001,2026-08-20 16:06,60.6,0.343,15.6,24.5,148.4,1079.2,26.3,60.6,0.343,Normal,1374
SD-00623,CR-004,CMP-001,2026-08-20 19:42,57.58,0.306,19.6,27.8,143.2,1082.8,27.7,57.58,0.306,Normal,1368
SD-00624,CR-004,CMP-001,2026-08-20 23:18,59.56,0.246,16.6,28.8,146.3,1086.4,28.3,59.56,0.246,Normal,1362
SD-00625,CR-004,CMP-001,2026-08-21 02:54,58.81,0.293,13.6,28.3,150.7,1090.0,25.1,58.81,0.293,Normal,1356
SD-00626,CR-004,CMP-001,2026-08-21 06:30,59.3,0.313,20.5,27.3,142.2,1093.6,24.1,59.3,0.313,Normal,1350
SD-00627,CR-004,CMP-001,2026-08-21 10:06,60.12,0.382,18.6,28.0,146.3,1097.2,28.0,60.12,0.382,Normal,1344
SD-00628,CR-004,CMP-001,2026-08-21 13:42,59.02,0.333,18.5,28.0,141.1,1100.8,30.6,59.02,0.333,Normal,1338
SD-00629,CR-004,CMP-001,2026-08-21 17:18,60.8,0.278,20.0,27.3,141.9,1104.4,26.5,60.8,0.278,Normal,1332
SD-00630,CR-004,CMP-001,2026-08-21 20:54,57.87,0.319,14.3,26.2,136.7,1108.0,27.8,57.87,0.319,Normal,1326
SD-00631,CR-004,CMP-001,2026-08-22 00:30,59.82,0.287,15.9,26.2,146.9,1111.6,26.9,59.82,0.287,Normal,1320
SD-00632,CR-004,CMP-001,2026-08-22 04:06,60.38,0.265,18.4,30.0,147.3,1115.2,27.2,60.38,0.265,Normal,1314
SD-00633,CR-004,CMP-001,2026-08-22 07:42,60.31,0.29,18.0,27.5,144.3,1118.8,28.4,60.31,0.29,Normal,1308
SD-00634,CR-004,CMP-001,2026-08-22 11:18,58.81,0.259,15.2,25.6,140.1,1122.4,28.3,58.81,0.259,Normal,1302
SD-00635,CR-004,CMP-001,2026-08-22 14:54,58.93,0.321,18.1,25.0,147.6,1126.0,29.6,58.93,0.321,Normal,1296
SD-00636,CR-004,CMP-001,2026-08-22 18:30,58.81,0.317,16.3,28.1,139.9,1129.6,24.4,58.81,0.317,Normal,1290
SD-00637,CR-004,CMP-001,2026-08-22 22:06,59.54,0.295,17.2,26.2,143.4,1133.2,28.5,59.54,0.295,Normal,1284
SD-00638,CR-004,CMP-001,2026-08-23 01:42,59.95,0.307,16.7,29.8,140.3,1136.8,29.0,59.95,0.307,Normal,1278
SD-00639,CR-004,CMP-001,2026-08-23 05:18,61.42,0.319,17.6,27.2,149.1,1140.4,25.2,61.42,0.319,Normal,1272
SD-00640,CR-004,CMP-001,2026-08-23 08:54,58.84,0.284,20.5,28.6,141.1,1144.0,27.4,58.84,0.284,Normal,1266
SD-00641,CR-004,CMP-001,2026-08-23 12:30,59.26,0.272,20.0,25.9,151.4,1147.6,29.7,59.26,0.272,Normal,1260
SD-00642,CR-004,CMP-001,2026-08-23 16:06,61.31,0.281,17.7,25.9,142.9,1151.2,29.0,61.31,0.281,Normal,1254
SD-00643,CR-004,CMP-001,2026-08-23 19:42,61.56,0.256,17.3,27.8,139.4,1154.8,29.2,61.56,0.256,Normal,1248
SD-00644,CR-004,CMP-001,2026-08-23 23:18,59.13,0.292,17.1,26.8,145.0,1158.4,27.6,59.13,0.292,Normal,1242
SD-00645,CR-004,CMP-001,2026-08-24 02:54,59.55,0.271,18.6,30.5,145.6,1162.0,30.0,59.55,0.271,Normal,1236
SD-00646,CR-004,CMP-001,2026-08-24 06:30,58.33,0.306,15.8,25.8,142.0,1165.6,30.4,58.33,0.306,Normal,1230
SD-00647,CR-004,CMP-001,2026-08-24 10:06,61.14,0.31,14.9,27.7,146.2,1169.2,28.4,61.14,0.31,Normal,1224
SD-00648,CR-004,CMP-001,2026-08-24 13:42,57.79,0.264,17.9,28.8,136.2,1172.8,27.7,57.79,0.264,Normal,1218
SD-00649,CR-004,CMP-001,2026-08-24 17:18,60.17,0.334,19.4,28.9,141.8,1176.4,24.2,60.17,0.334,Normal,1212
SD-00650,CR-004,CMP-001,2026-08-24 20:54,59.53,0.34,20.8,29.1,146.7,1180.0,28.8,59.53,0.34,Normal,1206
SD-00651,CR-004,CMP-001,2026-08-25 00:30,59.33,0.295,21.3,26.6,151.5,1183.6,27.4,59.33,0.295,Normal,1200
SD-00652,CR-004,CMP-001,2026-08-25 04:06,61.59,0.244,19.2,26.9,139.3,1187.2,28.4,61.59,0.244,Normal,1194
SD-00653,CR-004,CMP-001,2026-08-25 07:42,61.21,0.266,15.0,27.9,144.7,1190.8,29.1,61.21,0.266,Normal,1188
SD-00654,CR-004,CMP-001,2026-08-25 11:18,61.14,0.298,21.7,28.3,143.6,1194.4,24.8,61.14,0.298,Normal,1182
SD-00655,CR-004,CMP-001,2026-08-25 14:54,59.68,0.287,19.9,28.7,140.3,1198.0,28.3,59.68,0.287,Normal,1176
SD-00656,CR-004,CMP-001,2026-08-25 18:30,60.81,0.361,19.8,29.1,145.2,1201.6,28.8,60.81,0.361,Normal,1170
SD-00657,CR-004,CMP-001,2026-08-25 22:06,61.5,0.247,17.3,26.8,146.5,1205.2,30.5,61.5,0.247,Normal,1164
SD-00658,CR-004,CMP-001,2026-08-26 01:42,59.28,0.204,17.2,29.4,147.2,1208.8,28.9,59.28,0.204,Normal,1158
SD-00659,CR-004,CMP-001,2026-08-26 05:18,59.66,0.249,19.0,26.7,153.7,1212.4,29.1,59.66,0.249,Normal,1152
SD-00660,CR-004,CMP-001,2026-08-26 08:54,59.3,0.276,17.8,27.6,149.5,1216.0,28.4,59.3,0.276,Normal,1146
SD-00661,CR-004,CMP-001,2026-08-26 12:30,59.12,0.376,18.1,29.2,142.6,1219.6,28.7,59.12,0.376,Normal,1140
SD-00662,CR-004,CMP-001,2026-08-26 16:06,60.37,0.224,22.0,29.9,143.4,1223.2,25.8,60.37,0.224,Normal,1134
SD-00663,CR-004,CMP-001,2026-08-26 19:42,60.42,0.303,18.7,28.3,147.0,1226.8,30.9,60.42,0.303,Normal,1128
SD-00664,CR-004,CMP-001,2026-08-26 23:18,60.68,0.258,20.7,30.5,157.6,1230.4,25.8,60.68,0.258,Normal,1122
SD-00665,CR-004,CMP-001,2026-08-27 02:54,60.29,0.217,19.1,27.2,152.7,1234.0,26.5,60.29,0.217,Normal,1116
SD-00666,CR-004,CMP-001,2026-08-27 06:30,57.97,0.281,14.0,29.1,136.7,1237.6,28.1,57.97,0.281,Normal,1110
SD-00667,CR-004,CMP-001,2026-08-27 10:06,57.51,0.287,21.3,28.5,141.5,1241.2,27.9,57.51,0.287,Normal,1104
SD-00668,CR-004,CMP-001,2026-08-27 13:42,60.02,0.319,15.3,28.9,134.2,1244.8,26.7,60.02,0.319,Normal,1098
SD-00669,CR-004,CMP-001,2026-08-27 17:18,59.41,0.325,18.0,25.9,141.1,1248.4,28.4,59.41,0.325,Normal,1092
SD-00670,CR-004,CMP-001,2026-08-27 20:54,59.91,0.277,17.0,29.0,142.9,1252.0,27.8,59.91,0.277,Normal,1086
SD-00671,CR-004,CMP-001,2026-08-28 00:30,62.6,0.243,14.3,29.2,142.3,1255.6,27.4,62.6,0.243,Normal,1080
SD-00672,CR-004,CMP-001,2026-08-28 04:06,59.06,0.29,21.2,29.2,148.4,1259.2,25.2,59.06,0.29,Normal,1074
SD-00673,CR-004,CMP-001,2026-08-28 07:42,58.62,0.186,16.4,29.4,147.1,1262.8,27.6,58.62,0.186,Normal,1068
SD-00674,CR-004,CMP-001,2026-08-28 11:18,59.97,0.272,18.4,29.1,138.5,1266.4,28.6,59.97,0.272,Normal,1062
SD-00675,CR-004,CMP-001,2026-08-28 14:54,61.12,0.283,19.4,32.2,144.6,1270.0,28.8,61.12,0.283,Normal,1056
SD-00676,CR-004,CMP-001,2026-08-28 18:30,59.11,0.307,18.9,28.3,140.9,1273.6,28.4,59.11,0.307,Normal,1050
SD-00677,CR-004,CMP-001,2026-08-28 22:06,61.75,0.318,19.9,27.6,148.0,1277.2,28.6,61.75,0.318,Normal,1044
SD-00678,CR-004,CMP-001,2026-08-29 01:42,58.86,0.313,16.0,27.1,145.8,1280.8,28.6,58.86,0.313,Normal,1038
SD-00679,CR-004,CMP-001,2026-08-29 05:18,58.57,0.342,19.1,26.9,138.8,1284.4,27.7,58.57,0.342,Normal,1032
SD-00680,CR-004,CMP-001,2026-08-29 08:54,59.46,0.305,17.3,25.0,143.4,1288.0,27.4,59.46,0.305,Normal,1026
SD-00681,CR-004,CMP-001,2026-08-29 12:30,60.76,0.272,21.4,25.1,150.2,1291.6,27.6,60.76,0.272,Normal,1020
SD-00682,CR-004,CMP-001,2026-08-29 16:06,61.03,0.303,20.3,27.4,140.6,1295.2,30.8,61.03,0.303,Normal,1014
SD-00683,CR-004,CMP-001,2026-08-29 19:42,59.86,0.309,20.5,26.5,147.4,1298.8,26.8,59.86,0.309,Normal,1008
SD-00684,CR-004,CMP-001,2026-08-29 23:18,59.84,0.303,15.0,26.8,150.4,1302.4,29.8,59.84,0.303,Normal,1002
SD-00685,CR-004,CMP-001,2026-08-30 02:54,59.92,0.31,17.4,30.0,144.2,1306.0,28.5,59.92,0.31,Normal,996
SD-00686,CR-004,CMP-001,2026-08-30 06:30,61.38,0.269,21.1,25.7,151.5,1309.6,27.3,61.38,0.269,Normal,990
SD-00687,CR-004,CMP-001,2026-08-30 10:06,59.71,0.224,17.1,26.4,142.6,1313.2,27.7,59.71,0.224,Normal,984
SD-00688,CR-004,CMP-001,2026-08-30 13:42,61.15,0.308,18.6,26.4,141.5,1316.8,31.6,61.15,0.308,Normal,978
SD-00689,CR-004,CMP-001,2026-08-30 17:18,59.12,0.366,17.5,28.0,149.3,1320.4,30.5,59.12,0.366,Normal,972
SD-00690,CR-004,CMP-001,2026-08-30 20:54,59.87,0.284,17.9,28.5,148.6,1324.0,28.0,59.87,0.284,Normal,966
SD-00691,CR-004,CMP-001,2026-08-31 00:30,60.74,0.366,18.8,28.5,138.9,1327.6,22.7,60.74,0.366,Normal,960
SD-00692,CR-004,CMP-001,2026-08-31 04:06,60.47,0.296,17.0,28.4,144.8,1331.2,30.3,60.47,0.296,Normal,954
SD-00693,CR-004,CMP-001,2026-08-31 07:42,60.1,0.27,20.0,27.7,147.1,1334.8,27.0,60.1,0.27,Normal,948
SD-00694,CR-004,CMP-001,2026-08-31 11:18,59.22,0.303,18.0,28.7,143.9,1338.4,24.3,59.22,0.303,Normal,942
SD-00695,CR-004,CMP-001,2026-08-31 14:54,59.48,0.332,17.4,27.6,148.9,1342.0,26.6,59.48,0.332,Normal,936
SD-00696,CR-004,CMP-001,2026-08-31 18:30,58.15,0.294,17.0,26.6,144.3,1345.6,29.0,58.15,0.294,Normal,930
SD-00697,CR-004,CMP-001,2026-08-31 22:06,59.99,0.312,21.6,27.5,146.1,1349.2,27.0,59.99,0.312,Normal,924
SD-00698,CR-004,CMP-001,2026-09-01 01:42,58.98,0.277,17.0,28.5,154.4,1352.8,26.6,58.98,0.277,Normal,918
SD-00699,CR-004,CMP-001,2026-09-01 05:18,59.5,0.297,18.8,28.4,150.1,1356.4,23.1,59.5,0.297,Normal,912
SD-00700,CR-004,CMP-001,2026-09-01 08:54,57.14,0.28,20.2,25.7,133.0,1360.0,29.1,57.14,0.28,Normal,906
SD-00701,CR-004,CMP-001,2026-09-01 12:30,60.29,0.256,16.0,26.5,145.4,1363.6,26.7,60.29,0.256,Normal,900
SD-00702,CR-004,CMP-001,2026-09-01 16:06,60.59,0.186,16.3,26.3,144.0,1367.2,26.9,60.59,0.186,Normal,894
SD-00703,CR-004,CMP-001,2026-09-01 19:42,60.96,0.226,18.1,28.8,152.4,1370.8,27.0,60.96,0.226,Normal,888
SD-00704,CR-004,CMP-001,2026-09-01 23:18,60.39,0.228,13.2,29.3,145.0,1374.4,30.4,60.39,0.228,Normal,882
SD-00705,CR-004,CMP-001,2026-09-02 02:54,58.35,0.321,21.7,28.6,146.1,1378.0,28.0,58.35,0.321,Normal,876
SD-00706,CR-004,CMP-001,2026-09-02 06:30,58.11,0.354,16.8,28.8,138.7,1381.6,25.6,58.11,0.354,Normal,870
SD-00707,CR-004,CMP-001,2026-09-02 10:06,61.72,0.286,20.9,27.9,137.6,1385.2,29.8,61.72,0.286,Normal,864
SD-00708,CR-004,CMP-001,2026-09-02 13:42,59.29,0.328,18.1,25.7,145.7,1388.8,32.4,59.29,0.328,Normal,858
SD-00709,CR-004,CMP-001,2026-09-02 17:18,60.59,0.298,20.2,28.3,145.8,1392.4,25.8,60.59,0.298,Normal,852
SD-00710,CR-004,CMP-001,2026-09-02 20:54,60.28,0.341,16.3,30.1,144.6,1396.0,26.2,60.28,0.341,Normal,846
SD-00711,CR-004,CMP-001,2026-09-03 00:30,61.2,0.289,19.5,27.6,144.8,1399.6,29.0,61.2,0.289,Normal,840
SD-00712,CR-004,CMP-001,2026-09-03 04:06,60.35,0.22,15.8,29.4,144.5,1403.2,27.0,60.35,0.22,Normal,834
SD-00713,CR-004,CMP-001,2026-09-03 07:42,58.37,0.257,14.0,27.8,142.6,1406.8,26.1,58.37,0.257,Normal,828
SD-00714,CR-004,CMP-001,2026-09-03 11:18,59.92,0.315,22.2,25.7,149.6,1410.4,29.9,59.92,0.315,Normal,822
SD-00715,CR-004,CMP-001,2026-09-03 14:54,59.07,0.308,17.1,28.3,151.0,1414.0,29.2,59.07,0.308,Normal,816
SD-00716,CR-004,CMP-001,2026-09-03 18:30,60.61,0.283,15.0,27.7,149.8,1417.6,24.9,60.61,0.283,Normal,810
SD-00717,CR-004,CMP-001,2026-09-03 22:06,58.73,0.305,16.0,26.8,143.3,1421.2,25.3,58.73,0.305,Normal,804
SD-00718,CR-004,CMP-001,2026-09-04 01:42,58.83,0.328,15.4,25.6,142.5,1424.8,29.5,58.83,0.328,Normal,798
SD-00719,CR-004,CMP-001,2026-09-04 05:18,59.76,0.281,18.1,25.4,147.0,1428.4,28.8,59.76,0.281,Normal,792
SD-00720,CR-004,CMP-001,2026-09-04 08:54,59.51,0.34,15.7,29.7,145.6,1432.0,27.3,59.51,0.34,Normal,786
SD-00721,CR-004,CMP-001,2026-09-04 12:30,59.98,0.296,20.4,26.4,141.9,1435.6,30.1,59.98,0.296,Normal,780
SD-00722,CR-004,CMP-001,2026-09-04 16:06,59.29,0.336,21.4,27.4,147.7,1439.2,25.7,59.29,0.336,Normal,774
SD-00723,CR-004,CMP-001,2026-09-04 19:42,60.91,0.308,18.9,27.0,138.4,1442.8,29.0,60.91,0.308,Normal,768
SD-00724,CR-004,CMP-001,2026-09-04 23:18,57.52,0.287,19.9,28.3,152.8,1446.4,30.1,57.52,0.287,Normal,762
SD-00725,CR-004,CMP-001,2026-09-05 02:54,59.22,0.301,17.9,25.6,141.2,1450.0,26.9,59.22,0.301,Normal,756
SD-00726,CR-004,CMP-001,2026-09-05 06:30,57.56,0.302,17.5,25.5,146.6,1453.6,29.4,57.56,0.302,Normal,750
SD-00727,CR-004,CMP-001,2026-09-05 10:06,60.27,0.287,19.2,29.0,146.2,1457.2,26.4,60.27,0.287,Normal,744
SD-00728,CR-004,CMP-001,2026-09-05 13:42,60.33,0.348,16.8,31.1,142.9,1460.8,28.1,60.33,0.348,Normal,738
SD-00729,CR-004,CMP-001,2026-09-05 17:18,59.19,0.309,14.5,27.2,140.6,1464.4,28.3,59.19,0.309,Normal,732
SD-00730,CR-004,CMP-001,2026-09-05 20:54,61.19,0.326,13.3,31.1,146.2,1468.0,26.4,61.19,0.326,Normal,726
SD-00731,CR-004,CMP-001,2026-09-06 00:30,60.19,0.307,16.7,28.3,142.6,1471.6,27.2,60.19,0.307,Normal,720
SD-00732,CR-004,CMP-001,2026-09-06 04:06,59.18,0.243,18.3,28.9,147.1,1475.2,29.6,59.18,0.243,Normal,714
SD-00733,CR-004,CMP-001,2026-09-06 07:42,60.39,0.279,19.7,26.0,141.4,1478.8,26.1,60.39,0.279,Normal,708
SD-00734,CR-004,CMP-001,2026-09-06 11:18,61.3,0.338,19.0,29.6,141.5,1482.4,28.7,61.3,0.338,Normal,702
SD-00735,CR-004,CMP-001,2026-09-06 14:54,59.85,0.334,17.8,27.4,147.2,1486.0,29.8,59.85,0.334,Normal,696
SD-00736,CR-004,CMP-001,2026-09-06 18:30,59.2,0.298,15.9,24.3,145.8,1489.6,29.2,59.2,0.298,Normal,690
SD-00737,CR-004,CMP-001,2026-09-06 22:06,60.31,0.222,17.3,24.7,150.5,1493.2,25.8,60.31,0.222,Normal,684
SD-00738,CR-004,CMP-001,2026-09-07 01:42,61.51,0.338,16.2,26.3,146.4,1496.8,26.3,61.51,0.338,Normal,678
SD-00739,CR-004,CMP-001,2026-09-07 05:18,60.12,0.281,14.4,24.7,145.9,1500.4,26.9,60.12,0.281,Normal,672
SD-00740,CR-004,CMP-001,2026-09-07 08:54,59.34,0.328,20.3,27.6,143.6,1504.0,29.0,59.34,0.328,Normal,666
SD-00741,CR-004,CMP-001,2026-09-07 12:30,58.37,0.309,19.1,29.0,137.3,1507.6,26.5,58.37,0.309,Normal,660
SD-00742,CR-004,CMP-001,2026-09-07 16:06,58.95,0.304,19.0,30.2,143.0,1511.2,27.0,58.95,0.304,Normal,654
SD-00743,CR-004,CMP-001,2026-09-07 19:42,61.38,0.312,20.5,28.4,140.4,1514.8,25.3,61.38,0.312,Normal,648
SD-00744,CR-004,CMP-001,2026-09-07 23:18,58.14,0.326,20.4,30.8,148.4,1518.4,30.3,58.14,0.326,Normal,642
SD-00745,CR-004,CMP-001,2026-09-08 02:54,59.3,0.254,19.7,28.6,145.4,1522.0,28.8,59.3,0.254,Normal,636
SD-00746,CR-004,CMP-001,2026-09-08 06:30,60.39,0.351,20.6,28.8,148.4,1525.6,29.0,60.39,0.351,Normal,630
SD-00747,CR-004,CMP-001,2026-09-08 10:06,59.45,0.33,15.2,29.6,140.2,1529.2,28.6,59.45,0.33,Normal,624
SD-00748,CR-004,CMP-001,2026-09-08 13:42,58.99,0.322,17.9,25.6,146.7,1532.8,26.8,58.99,0.322,Normal,618
SD-00749,CR-004,CMP-001,2026-09-08 17:18,61.06,0.3,18.8,26.6,142.6,1536.4,27.1,61.06,0.3,Normal,612
SD-00750,CR-004,CMP-001,2026-09-08 20:54,61.03,0.367,16.4,29.6,136.3,1540.0,25.6,61.03,0.367,Normal,606
SD-00751,CR-004,CMP-001,2026-09-09 00:30,58.85,0.246,14.8,28.6,144.1,1543.6,28.8,58.85,0.246,Normal,600
SD-00752,CR-004,CMP-001,2026-09-09 04:06,60.83,0.311,19.3,27.9,140.3,1547.2,30.1,60.83,0.311,Normal,594
SD-00753,CR-004,CMP-001,2026-09-09 07:42,59.29,0.263,17.6,26.6,143.3,1550.8,28.7,59.29,0.263,Normal,588
SD-00754,CR-004,CMP-001,2026-09-09 11:18,60.42,0.264,17.0,29.6,147.0,1554.4,32.2,60.42,0.264,Normal,582
SD-00755,CR-004,CMP-001,2026-09-09 14:54,61.42,0.346,15.2,29.1,144.8,1558.0,26.9,61.42,0.346,Normal,576
SD-00756,CR-004,CMP-001,2026-09-09 18:30,60.2,0.338,19.0,26.7,148.0,1561.6,26.7,60.2,0.338,Normal,570
SD-00757,CR-004,CMP-001,2026-09-09 22:06,60.26,0.288,17.6,29.1,140.8,1565.2,31.9,60.26,0.288,Normal,564
SD-00758,CR-004,CMP-001,2026-09-10 01:42,57.81,0.276,18.7,28.9,144.6,1568.8,27.9,57.81,0.276,Normal,558
SD-00759,CR-004,CMP-001,2026-09-10 05:18,60.49,0.291,20.8,29.3,148.5,1572.4,26.1,60.49,0.291,Normal,552
SD-00760,CR-004,CMP-001,2026-09-10 08:54,59.9,0.288,16.0,28.5,142.8,1576.0,29.3,59.9,0.288,Normal,546
SD-00761,CR-004,CMP-001,2026-09-10 12:30,58.72,0.369,16.2,28.3,148.2,1579.6,26.9,58.72,0.369,Normal,540
SD-00762,CR-004,CMP-001,2026-09-10 16:06,61.02,0.251,20.9,28.0,142.6,1583.2,27.4,61.02,0.251,Normal,534
SD-00763,CR-004,CMP-001,2026-09-10 19:42,60.97,0.277,16.5,27.7,140.3,1586.8,31.6,60.97,0.277,Normal,528
SD-00764,CR-004,CMP-001,2026-09-10 23:18,59.32,0.333,18.4,26.5,145.0,1590.4,29.6,59.32,0.333,Normal,522
SD-00765,CR-004,CMP-001,2026-09-11 02:54,59.77,0.348,20.0,29.4,143.2,1594.0,25.8,59.77,0.348,Normal,516
SD-00766,CR-004,CMP-001,2026-09-11 06:30,59.26,0.308,19.1,24.7,145.0,1597.6,28.3,59.26,0.308,Normal,510
SD-00767,CR-004,CMP-001,2026-09-11 10:06,59.67,0.352,18.8,30.0,144.1,1601.2,29.9,59.67,0.352,Normal,504
SD-00768,CR-004,CMP-001,2026-09-11 13:42,61.96,0.352,15.8,27.6,143.6,1604.8,29.0,61.96,0.352,Normal,498
SD-00769,CR-004,CMP-001,2026-09-11 17:18,60.82,0.266,18.1,25.0,150.8,1608.4,27.0,60.82,0.266,Normal,492
SD-00770,CR-004,CMP-001,2026-09-11 20:54,60.07,0.288,20.3,23.7,144.9,1612.0,27.8,60.07,0.288,Normal,486
SD-00771,CR-004,CMP-001,2026-09-12 00:30,59.46,0.369,16.2,29.2,146.4,1615.6,30.5,59.46,0.369,Normal,480
SD-00772,CR-004,CMP-001,2026-09-12 04:06,59.2,0.271,20.2,28.6,138.8,1619.2,26.9,59.2,0.271,Normal,474
SD-00773,CR-004,CMP-001,2026-09-12 07:42,60.46,0.334,16.6,23.6,147.1,1622.8,25.6,60.46,0.334,Normal,468
SD-00774,CR-004,CMP-001,2026-09-12 11:18,57.58,0.187,19.6,28.2,144.1,1626.4,30.8,57.58,0.187,Normal,462
SD-00775,CR-004,CMP-001,2026-09-12 14:54,60.76,0.365,15.2,27.9,138.5,1630.0,27.5,60.76,0.365,Normal,456
SD-00776,CR-004,CMP-001,2026-09-12 18:30,59.7,0.325,18.1,28.9,147.8,1633.6,32.3,59.7,0.325,Normal,450
SD-00777,CR-004,CMP-001,2026-09-12 22:06,59.62,0.262,18.5,26.8,150.9,1637.2,27.4,59.62,0.262,Normal,444
SD-00778,CR-004,CMP-001,2026-09-13 01:42,59.32,0.281,19.4,27.8,142.4,1640.8,31.3,59.32,0.281,Normal,438
SD-00779,CR-004,CMP-001,2026-09-13 05:18,58.97,0.301,19.3,25.6,146.9,1644.4,25.9,58.97,0.301,Normal,432
SD-00780,CR-004,CMP-001,2026-09-13 08:54,60.99,0.261,19.4,29.7,148.4,1648.0,28.5,60.99,0.261,Normal,426
SD-00781,CR-004,CMP-001,2026-09-13 12:30,59.72,0.277,20.9,27.0,140.9,1651.6,29.3,59.72,0.277,Normal,420
SD-00782,CR-004,CMP-001,2026-09-13 16:06,59.04,0.262,15.1,27.3,144.7,1655.2,28.5,59.04,0.262,Normal,414
SD-00783,CR-004,CMP-001,2026-09-13 19:42,61.14,0.321,17.6,27.7,147.0,1658.8,30.5,61.14,0.321,Normal,408
SD-00784,CR-004,CMP-001,2026-09-13 23:18,60.15,0.281,16.0,25.8,147.7,1662.4,29.2,60.15,0.281,Normal,402
SD-00785,CR-004,CMP-001,2026-09-14 02:54,60.69,0.295,20.8,27.3,148.8,1666.0,27.9,60.69,0.295,Normal,396
SD-00786,CR-004,CMP-001,2026-09-14 06:30,59.27,0.324,18.8,28.5,145.3,1669.6,27.9,59.27,0.324,Normal,390
SD-00787,CR-004,CMP-001,2026-09-14 10:06,62.87,0.347,19.4,28.2,149.0,1673.2,29.0,62.87,0.347,Normal,384
SD-00788,CR-004,CMP-001,2026-09-14 13:42,60.03,0.288,17.8,23.2,145.8,1676.8,27.0,60.03,0.288,Normal,378
SD-00789,CR-004,CMP-001,2026-09-14 17:18,61.91,0.301,15.6,27.9,140.8,1680.4,28.9,61.91,0.301,Normal,372
SD-00790,CR-004,CMP-001,2026-09-14 20:54,60.35,0.338,16.4,28.1,139.5,1684.0,29.4,60.35,0.338,Normal,366
SD-00791,CR-004,CMP-001,2026-09-15 00:30,60.62,0.32,18.0,28.6,151.4,1687.6,27.4,60.62,0.32,Normal,360
SD-00792,CR-004,CMP-001,2026-09-15 04:06,60.17,0.257,16.3,28.1,149.4,1691.2,27.5,60.17,0.257,Normal,354
SD-00793,CR-004,CMP-001,2026-09-15 07:42,59.72,0.284,16.9,28.4,139.0,1694.8,30.6,59.72,0.284,Normal,348
SD-00794,CR-004,CMP-001,2026-09-15 11:18,59.2,0.329,15.5,29.0,147.7,1698.4,28.8,59.2,0.329,Normal,342
SD-00795,CR-004,CMP-001,2026-09-15 14:54,58.81,0.31,15.6,27.6,149.1,1702.0,29.6,58.81,0.31,Normal,336
SD-00796,CR-004,CMP-001,2026-09-15 18:30,60.02,0.261,19.3,28.0,135.7,1705.6,29.6,60.02,0.261,Normal,330
SD-00797,CR-004,CMP-001,2026-09-15 22:06,59.97,0.348,15.8,23.2,146.1,1709.2,28.6,59.97,0.348,Normal,324
SD-00798,CR-004,CMP-001,2026-09-16 01:42,57.97,0.261,23.5,27.5,147.9,1712.8,26.7,57.97,0.261,Normal,318
SD-00799,CR-004,CMP-001,2026-09-16 05:18,57.49,0.293,17.5,27.4,144.5,1716.4,28.5,57.49,0.293,Normal,312
SD-00800,CR-004,CMP-001,2026-09-16 08:54,59.82,0.249,19.0,25.1,136.8,1720.0,29.5,59.82,0.249,Normal,306
SD-00801,CR-005,CMP-002,2026-08-17 12:30,89.27,2.291,29.8,59.2,207.9,1003.6,24.8,89.27,2.291,High Risk,450
SD-00802,CR-005,CMP-002,2026-08-17 16:06,86.27,2.408,38.3,60.3,216.1,1007.2,24.2,86.27,2.408,High Risk,447
SD-00803,CR-005,CMP-002,2026-08-17 19:42,89.89,2.199,34.9,61.0,220.6,1010.8,26.3,89.89,2.199,High Risk,445
SD-00804,CR-005,CMP-002,2026-08-17 23:18,89.93,2.288,33.5,61.3,203.2,1014.4,28.0,89.93,2.288,High Risk,443
SD-00805,CR-005,CMP-002,2026-08-18 02:54,88.32,2.376,34.3,65.2,217.4,1018.0,25.9,88.32,2.376,High Risk,441
SD-00806,CR-005,CMP-002,2026-08-18 06:30,90.77,2.172,35.8,64.5,194.7,1021.6,28.2,90.77,2.172,High Risk,439
SD-00807,CR-005,CMP-002,2026-08-18 10:06,87.55,2.246,38.1,59.4,203.5,1025.2,28.2,87.55,2.246,High Risk,436
SD-00808,CR-005,CMP-002,2026-08-18 13:42,90.55,2.349,37.5,64.1,192.6,1028.8,26.9,90.55,2.349,High Risk,434
SD-00809,CR-005,CMP-002,2026-08-18 17:18,87.56,2.452,26.1,72.2,214.2,1032.4,28.3,87.56,2.452,High Risk,432
SD-00810,CR-005,CMP-002,2026-08-18 20:54,92.03,2.742,36.6,65.8,211.0,1036.0,27.7,92.03,2.742,High Risk,430
SD-00811,CR-005,CMP-002,2026-08-19 00:30,88.01,2.276,31.9,56.6,209.4,1039.6,24.6,88.01,2.276,High Risk,428
SD-00812,CR-005,CMP-002,2026-08-19 04:06,89.8,2.405,34.4,59.9,234.6,1043.2,30.7,89.8,2.405,High Risk,425
SD-00813,CR-005,CMP-002,2026-08-19 07:42,86.33,2.455,32.2,57.9,199.3,1046.8,28.9,86.33,2.455,High Risk,423
SD-00814,CR-005,CMP-002,2026-08-19 11:18,87.86,2.575,37.0,67.5,203.2,1050.4,29.0,87.86,2.575,High Risk,421
SD-00815,CR-005,CMP-002,2026-08-19 14:54,91.26,2.369,31.7,68.4,211.8,1054.0,29.3,91.26,2.369,High Risk,419
SD-00816,CR-005,CMP-002,2026-08-19 18:30,87.74,2.267,32.3,61.5,201.5,1057.6,28.0,87.74,2.267,High Risk,417
SD-00817,CR-005,CMP-002,2026-08-19 22:06,85.7,2.292,36.0,64.4,206.9,1061.2,26.0,85.7,2.292,High Risk,414
SD-00818,CR-005,CMP-002,2026-08-20 01:42,87.47,2.414,35.9,65.7,206.0,1064.8,25.7,87.47,2.414,High Risk,412
SD-00819,CR-005,CMP-002,2026-08-20 05:18,90.83,2.356,32.4,67.3,216.6,1068.4,28.3,90.83,2.356,High Risk,410
SD-00820,CR-005,CMP-002,2026-08-20 08:54,87.1,2.522,37.2,60.5,220.8,1072.0,30.6,87.1,2.522,High Risk,408
SD-00821,CR-005,CMP-002,2026-08-20 12:30,94.56,2.546,35.8,67.7,213.6,1075.6,27.0,94.56,2.546,High Risk,406
SD-00822,CR-005,CMP-002,2026-08-20 16:06,89.4,2.546,30.1,61.4,218.8,1079.2,23.6,89.4,2.546,High Risk,403
SD-00823,CR-005,CMP-002,2026-08-20 19:42,94.48,2.688,32.6,64.2,210.0,1082.8,30.5,94.48,2.688,High Risk,401
SD-00824,CR-005,CMP-002,2026-08-20 23:18,93.22,2.32,35.8,61.2,210.7,1086.4,26.5,93.22,2.32,High Risk,399
SD-00825,CR-005,CMP-002,2026-08-21 02:54,95.25,2.696,31.8,56.7,206.9,1090.0,28.9,95.25,2.696,High Risk,397
SD-00826,CR-005,CMP-002,2026-08-21 06:30,91.6,2.738,36.4,65.9,212.6,1093.6,25.2,91.6,2.738,High Risk,395
SD-00827,CR-005,CMP-002,2026-08-21 10:06,90.63,2.719,33.8,64.0,207.5,1097.2,25.9,90.63,2.719,High Risk,392
SD-00828,CR-005,CMP-002,2026-08-21 13:42,90.93,2.616,32.0,61.1,202.5,1100.8,30.2,90.93,2.616,High Risk,390
SD-00829,CR-005,CMP-002,2026-08-21 17:18,90.62,2.798,38.6,61.7,201.9,1104.4,23.8,90.62,2.798,High Risk,388
SD-00830,CR-005,CMP-002,2026-08-21 20:54,87.8,2.384,38.1,62.5,213.1,1108.0,23.6,87.8,2.384,High Risk,386
SD-00831,CR-005,CMP-002,2026-08-22 00:30,88.61,2.733,34.9,61.4,214.5,1111.6,31.3,88.61,2.733,High Risk,384
SD-00832,CR-005,CMP-002,2026-08-22 04:06,91.17,2.62,34.6,71.6,193.2,1115.2,29.4,91.17,2.62,High Risk,381
SD-00833,CR-005,CMP-002,2026-08-22 07:42,91.55,2.705,32.0,61.8,215.7,1118.8,34.2,91.55,2.705,High Risk,379
SD-00834,CR-005,CMP-002,2026-08-22 11:18,93.98,2.503,32.7,60.2,195.6,1122.4,27.3,93.98,2.503,High Risk,377
SD-00835,CR-005,CMP-002,2026-08-22 14:54,93.91,2.449,37.1,64.0,204.1,1126.0,27.7,93.91,2.449,High Risk,375
SD-00836,CR-005,CMP-002,2026-08-22 18:30,96.2,2.76,34.0,61.0,210.6,1129.6,27.0,96.2,2.76,High Risk,373
SD-00837,CR-005,CMP-002,2026-08-22 22:06,87.06,2.966,34.5,63.6,209.5,1133.2,26.5,87.06,2.966,High Risk,370
SD-00838,CR-005,CMP-002,2026-08-23 01:42,91.98,2.43,40.8,57.1,201.7,1136.8,27.1,91.98,2.43,High Risk,368
SD-00839,CR-005,CMP-002,2026-08-23 05:18,95.78,2.682,30.3,67.0,215.8,1140.4,29.1,95.78,2.682,High Risk,366
SD-00840,CR-005,CMP-002,2026-08-23 08:54,94.47,3.049,40.6,59.3,223.0,1144.0,28.8,94.47,3.049,High Risk,364
SD-00841,CR-005,CMP-002,2026-08-23 12:30,94.05,2.446,33.5,58.7,216.6,1147.6,30.1,94.05,2.446,High Risk,362
SD-00842,CR-005,CMP-002,2026-08-23 16:06,87.73,2.707,37.4,61.3,215.8,1151.2,28.7,87.73,2.707,High Risk,359
SD-00843,CR-005,CMP-002,2026-08-23 19:42,93.89,2.679,30.4,57.5,215.7,1154.8,28.0,93.89,2.679,High Risk,357
SD-00844,CR-005,CMP-002,2026-08-23 23:18,92.81,2.666,33.1,66.2,207.3,1158.4,25.3,92.81,2.666,High Risk,355
SD-00845,CR-005,CMP-002,2026-08-24 02:54,95.14,2.709,34.1,68.4,209.8,1162.0,28.6,95.14,2.709,High Risk,353
SD-00846,CR-005,CMP-002,2026-08-24 06:30,90.45,2.717,35.8,55.8,211.6,1165.6,28.2,90.45,2.717,High Risk,351
SD-00847,CR-005,CMP-002,2026-08-24 10:06,93.62,2.916,35.0,67.9,202.1,1169.2,28.3,93.62,2.916,High Risk,348
SD-00848,CR-005,CMP-002,2026-08-24 13:42,93.85,2.61,36.9,71.3,209.9,1172.8,29.0,93.85,2.61,High Risk,346
SD-00849,CR-005,CMP-002,2026-08-24 17:18,93.97,2.673,28.5,59.2,198.9,1176.4,31.4,93.97,2.673,High Risk,344
SD-00850,CR-005,CMP-002,2026-08-24 20:54,93.59,2.738,36.7,57.5,203.9,1180.0,28.1,93.59,2.738,High Risk,342
SD-00851,CR-005,CMP-002,2026-08-25 00:30,96.57,2.875,34.7,62.3,213.2,1183.6,28.4,96.57,2.875,High Risk,340
SD-00852,CR-005,CMP-002,2026-08-25 04:06,91.55,2.817,30.8,62.3,206.2,1187.2,33.1,91.55,2.817,High Risk,337
SD-00853,CR-005,CMP-002,2026-08-25 07:42,94.14,2.609,33.6,64.1,223.4,1190.8,26.8,94.14,2.609,High Risk,335
SD-00854,CR-005,CMP-002,2026-08-25 11:18,90.4,2.953,29.9,60.3,207.9,1194.4,27.9,90.4,2.953,High Risk,333
SD-00855,CR-005,CMP-002,2026-08-25 14:54,96.2,2.737,33.2,61.9,211.2,1198.0,28.2,96.2,2.737,High Risk,331
SD-00856,CR-005,CMP-002,2026-08-25 18:30,95.69,2.977,35.2,63.8,197.3,1201.6,28.1,95.69,2.977,High Risk,329
SD-00857,CR-005,CMP-002,2026-08-25 22:06,95.92,2.969,31.9,59.4,205.4,1205.2,29.1,95.92,2.969,High Risk,326
SD-00858,CR-005,CMP-002,2026-08-26 01:42,97.42,2.809,36.7,62.5,209.0,1208.8,27.6,97.42,2.809,High Risk,324
SD-00859,CR-005,CMP-002,2026-08-26 05:18,96.83,2.929,40.8,58.6,214.1,1212.4,26.9,96.83,2.929,High Risk,322
SD-00860,CR-005,CMP-002,2026-08-26 08:54,92.91,2.888,34.4,73.7,208.5,1216.0,25.7,92.91,2.888,High Risk,320
SD-00861,CR-005,CMP-002,2026-08-26 12:30,95.88,2.589,33.7,62.1,216.4,1219.6,29.9,95.88,2.589,High Risk,318
SD-00862,CR-005,CMP-002,2026-08-26 16:06,94.06,2.887,31.7,57.5,212.5,1223.2,25.5,94.06,2.887,High Risk,315
SD-00863,CR-005,CMP-002,2026-08-26 19:42,94.4,2.771,35.6,69.2,199.6,1226.8,24.3,94.4,2.771,High Risk,313
SD-00864,CR-005,CMP-002,2026-08-26 23:18,95.25,2.932,34.7,60.2,208.4,1230.4,28.7,95.25,2.932,High Risk,311
SD-00865,CR-005,CMP-002,2026-08-27 02:54,98.28,2.647,32.9,62.9,202.7,1234.0,31.5,98.28,2.647,High Risk,309
SD-00866,CR-005,CMP-002,2026-08-27 06:30,94.21,2.944,35.7,59.6,195.2,1237.6,27.1,94.21,2.944,High Risk,307
SD-00867,CR-005,CMP-002,2026-08-27 10:06,98.49,2.909,31.5,65.7,207.4,1241.2,27.0,98.49,2.909,High Risk,304
SD-00868,CR-005,CMP-002,2026-08-27 13:42,96.41,3.086,41.1,65.3,219.3,1244.8,27.0,96.41,3.086,High Risk,302
SD-00869,CR-005,CMP-002,2026-08-27 17:18,93.6,2.989,34.3,57.7,208.6,1248.4,28.8,93.6,2.989,High Risk,300
SD-00870,CR-005,CMP-002,2026-08-27 20:54,97.18,3.066,34.9,60.0,205.9,1252.0,25.6,97.18,3.066,High Risk,298
SD-00871,CR-005,CMP-002,2026-08-28 00:30,100.86,3.002,33.3,58.3,233.5,1255.6,25.9,100.86,3.002,High Risk,296
SD-00872,CR-005,CMP-002,2026-08-28 04:06,95.45,3.072,35.8,65.8,224.5,1259.2,29.0,95.45,3.072,High Risk,293
SD-00873,CR-005,CMP-002,2026-08-28 07:42,94.0,2.981,34.9,70.3,198.8,1262.8,30.4,94.0,2.981,High Risk,291
SD-00874,CR-005,CMP-002,2026-08-28 11:18,97.21,3.156,33.7,58.6,216.0,1266.4,29.3,97.21,3.156,High Risk,289
SD-00875,CR-005,CMP-002,2026-08-28 14:54,99.31,3.038,32.2,55.8,216.6,1270.0,28.8,99.31,3.038,High Risk,287
SD-00876,CR-005,CMP-002,2026-08-28 18:30,94.59,2.969,32.6,56.1,203.5,1273.6,25.7,94.59,2.969,High Risk,285
SD-00877,CR-005,CMP-002,2026-08-28 22:06,96.09,2.949,29.1,70.1,220.0,1277.2,26.4,96.09,2.949,High Risk,282
SD-00878,CR-005,CMP-002,2026-08-29 01:42,97.92,3.133,37.6,58.7,218.7,1280.8,26.9,97.92,3.133,High Risk,280
SD-00879,CR-005,CMP-002,2026-08-29 05:18,94.02,3.189,37.9,72.4,200.4,1284.4,29.4,94.02,3.189,High Risk,278
SD-00880,CR-005,CMP-002,2026-08-29 08:54,96.46,3.208,29.6,56.9,203.8,1288.0,28.2,96.46,3.208,High Risk,276
SD-00881,CR-005,CMP-002,2026-08-29 12:30,96.0,3.199,37.1,64.4,223.0,1291.6,28.8,96.0,3.199,High Risk,274
SD-00882,CR-005,CMP-002,2026-08-29 16:06,94.68,3.315,32.2,65.6,222.6,1295.2,28.9,94.68,3.315,High Risk,271
SD-00883,CR-005,CMP-002,2026-08-29 19:42,94.1,2.982,38.0,61.3,210.6,1298.8,29.5,94.1,2.982,High Risk,269
SD-00884,CR-005,CMP-002,2026-08-29 23:18,99.7,3.172,33.4,60.7,216.9,1302.4,29.1,99.7,3.172,High Risk,267
SD-00885,CR-005,CMP-002,2026-08-30 02:54,97.44,3.302,33.6,58.6,203.9,1306.0,26.0,97.44,3.302,High Risk,265
SD-00886,CR-005,CMP-002,2026-08-30 06:30,97.52,3.335,31.6,62.8,204.7,1309.6,27.5,97.52,3.335,High Risk,263
SD-00887,CR-005,CMP-002,2026-08-30 10:06,94.54,3.127,33.4,64.2,211.8,1313.2,25.6,94.54,3.127,High Risk,260
SD-00888,CR-005,CMP-002,2026-08-30 13:42,101.15,3.202,34.6,62.0,205.9,1316.8,28.4,101.15,3.202,High Risk,258
SD-00889,CR-005,CMP-002,2026-08-30 17:18,99.75,2.918,32.4,61.0,212.0,1320.4,30.4,99.75,2.918,High Risk,256
SD-00890,CR-005,CMP-002,2026-08-30 20:54,96.75,3.115,32.5,58.8,207.2,1324.0,29.5,96.75,3.115,High Risk,254
SD-00891,CR-005,CMP-002,2026-08-31 00:30,96.17,3.264,28.9,59.8,207.4,1327.6,31.3,96.17,3.264,High Risk,251
SD-00892,CR-005,CMP-002,2026-08-31 04:06,98.23,2.88,28.0,62.1,214.9,1331.2,28.8,98.23,2.88,High Risk,249
SD-00893,CR-005,CMP-002,2026-08-31 07:42,99.46,3.394,32.4,65.6,196.9,1334.8,26.2,99.46,3.394,High Risk,247
SD-00894,CR-005,CMP-002,2026-08-31 11:18,94.64,3.189,33.9,62.5,210.5,1338.4,26.1,94.64,3.189,High Risk,245
SD-00895,CR-005,CMP-002,2026-08-31 14:54,98.8,3.015,38.1,60.8,206.1,1342.0,31.2,98.8,3.015,High Risk,243
SD-00896,CR-005,CMP-002,2026-08-31 18:30,96.29,3.081,30.7,61.7,213.5,1345.6,29.5,96.29,3.081,High Risk,240
SD-00897,CR-005,CMP-002,2026-08-31 22:06,105.95,2.923,35.8,59.8,205.3,1349.2,26.8,105.95,2.923,High Risk,238
SD-00898,CR-005,CMP-002,2026-09-01 01:42,97.37,3.523,36.5,62.1,220.8,1352.8,25.0,97.37,3.523,High Risk,236
SD-00899,CR-005,CMP-002,2026-09-01 05:18,96.43,2.953,31.9,62.6,210.8,1356.4,28.3,96.43,2.953,High Risk,234
SD-00900,CR-005,CMP-002,2026-09-01 08:54,96.35,3.41,34.7,64.9,194.9,1360.0,28.6,96.35,3.41,High Risk,232
SD-00901,CR-005,CMP-002,2026-09-01 12:30,97.03,3.24,35.6,62.4,203.2,1363.6,28.0,97.03,3.24,High Risk,229
SD-00902,CR-005,CMP-002,2026-09-01 16:06,96.29,3.483,33.4,66.5,205.8,1367.2,27.0,96.29,3.483,High Risk,227
SD-00903,CR-005,CMP-002,2026-09-01 19:42,98.33,3.451,31.9,64.6,206.9,1370.8,24.0,98.33,3.451,High Risk,225
SD-00904,CR-005,CMP-002,2026-09-01 23:18,98.93,3.153,34.1,57.2,217.4,1374.4,27.8,98.93,3.153,High Risk,223
SD-00905,CR-005,CMP-002,2026-09-02 02:54,100.04,3.438,36.9,61.9,203.8,1378.0,24.5,100.04,3.438,High Risk,221
SD-00906,CR-005,CMP-002,2026-09-02 06:30,98.88,3.257,34.3,60.6,215.5,1381.6,26.8,98.88,3.257,High Risk,218
SD-00907,CR-005,CMP-002,2026-09-02 10:06,100.58,3.538,35.0,61.8,205.2,1385.2,26.7,100.58,3.538,High Risk,216
SD-00908,CR-005,CMP-002,2026-09-02 13:42,98.71,3.289,36.3,61.1,199.2,1388.8,31.5,98.71,3.289,High Risk,214
SD-00909,CR-005,CMP-002,2026-09-02 17:18,101.76,3.169,32.7,62.4,223.6,1392.4,25.8,101.76,3.169,High Risk,212
SD-00910,CR-005,CMP-002,2026-09-02 20:54,103.52,3.6,32.1,60.9,201.7,1396.0,27.6,103.52,3.6,High Risk,210
SD-00911,CR-005,CMP-002,2026-09-03 00:30,101.11,3.499,37.3,59.0,194.3,1399.6,28.0,101.11,3.499,High Risk,207
SD-00912,CR-005,CMP-002,2026-09-03 04:06,102.05,3.447,33.0,62.5,222.1,1403.2,28.8,102.05,3.447,High Risk,205
SD-00913,CR-005,CMP-002,2026-09-03 07:42,100.51,3.345,33.5,68.5,208.5,1406.8,28.0,100.51,3.345,High Risk,203
SD-00914,CR-005,CMP-002,2026-09-03 11:18,100.35,3.595,39.9,63.8,210.7,1410.4,28.1,100.35,3.595,High Risk,201
SD-00915,CR-005,CMP-002,2026-09-03 14:54,95.72,3.552,34.4,63.7,204.3,1414.0,27.2,95.72,3.552,High Risk,199
SD-00916,CR-005,CMP-002,2026-09-03 18:30,100.77,3.603,32.9,70.3,213.4,1417.6,25.4,100.77,3.603,High Risk,196
SD-00917,CR-005,CMP-002,2026-09-03 22:06,101.6,3.362,27.4,68.4,215.6,1421.2,29.1,101.6,3.362,High Risk,194
SD-00918,CR-005,CMP-002,2026-09-04 01:42,102.45,3.263,32.5,65.4,201.6,1424.8,22.9,102.45,3.263,High Risk,192
SD-00919,CR-005,CMP-002,2026-09-04 05:18,101.59,3.459,34.4,64.9,215.1,1428.4,28.5,101.59,3.459,High Risk,190
SD-00920,CR-005,CMP-002,2026-09-04 08:54,105.27,3.262,35.5,64.5,200.1,1432.0,25.0,105.27,3.262,High Risk,188
SD-00921,CR-005,CMP-002,2026-09-04 12:30,100.54,3.401,36.3,59.5,203.1,1435.6,26.8,100.54,3.401,Critical,186
SD-00922,CR-005,CMP-002,2026-09-04 16:06,105.32,3.512,33.5,61.6,220.3,1439.2,26.5,105.32,3.512,Critical,183
SD-00923,CR-005,CMP-002,2026-09-04 19:42,105.93,3.552,33.5,72.0,201.6,1442.8,27.3,105.93,3.552,Critical,181
SD-00924,CR-005,CMP-002,2026-09-04 23:18,99.68,3.673,39.1,68.7,219.8,1446.4,27.6,99.68,3.673,Critical,179
SD-00925,CR-005,CMP-002,2026-09-05 02:54,101.97,3.289,40.1,63.9,206.1,1450.0,30.7,101.97,3.289,Critical,177
SD-00926,CR-005,CMP-002,2026-09-05 06:30,100.57,3.611,33.5,64.6,209.5,1453.6,25.1,100.57,3.611,Critical,175
SD-00927,CR-005,CMP-002,2026-09-05 10:06,103.31,3.717,33.9,65.1,201.6,1457.2,27.9,103.31,3.717,Critical,172
SD-00928,CR-005,CMP-002,2026-09-05 13:42,101.68,3.682,34.1,64.8,218.7,1460.8,29.4,101.68,3.682,Critical,170
SD-00929,CR-005,CMP-002,2026-09-05 17:18,104.04,3.43,34.0,59.9,207.2,1464.4,27.3,104.04,3.43,Critical,168
SD-00930,CR-005,CMP-002,2026-09-05 20:54,101.03,3.296,32.0,62.8,199.2,1468.0,28.0,101.03,3.296,Critical,166
SD-00931,CR-005,CMP-002,2026-09-06 00:30,108.35,3.753,38.9,63.6,219.3,1471.6,26.6,108.35,3.753,Critical,164
SD-00932,CR-005,CMP-002,2026-09-06 04:06,102.11,3.199,37.6,68.2,205.6,1475.2,27.5,102.11,3.199,Critical,161
SD-00933,CR-005,CMP-002,2026-09-06 07:42,101.96,3.677,37.4,55.0,213.3,1478.8,27.4,101.96,3.677,Critical,159
SD-00934,CR-005,CMP-002,2026-09-06 11:18,104.24,3.699,33.4,61.6,208.3,1482.4,29.9,104.24,3.699,Critical,157
SD-00935,CR-005,CMP-002,2026-09-06 14:54,105.13,3.673,30.2,60.5,217.2,1486.0,28.1,105.13,3.673,Critical,155
SD-00936,CR-005,CMP-002,2026-09-06 18:30,105.85,3.915,37.1,62.4,205.9,1489.6,22.9,105.85,3.915,Critical,153
SD-00937,CR-005,CMP-002,2026-09-06 22:06,103.9,3.611,35.2,61.4,207.4,1493.2,24.4,103.9,3.611,Critical,150
SD-00938,CR-005,CMP-002,2026-09-07 01:42,102.09,3.741,39.1,61.6,212.6,1496.8,29.9,102.09,3.741,Critical,148
SD-00939,CR-005,CMP-002,2026-09-07 05:18,102.53,3.735,31.8,65.5,211.2,1500.4,28.6,102.53,3.735,Critical,146
SD-00940,CR-005,CMP-002,2026-09-07 08:54,102.72,3.796,40.3,58.0,207.3,1504.0,28.5,102.72,3.796,Critical,144
SD-00941,CR-005,CMP-002,2026-09-07 12:30,106.77,3.616,25.5,67.4,216.1,1507.6,24.5,106.77,3.616,Critical,142
SD-00942,CR-005,CMP-002,2026-09-07 16:06,103.4,3.945,38.3,65.8,208.6,1511.2,28.2,103.4,3.945,Critical,139
SD-00943,CR-005,CMP-002,2026-09-07 19:42,104.71,3.889,31.4,58.8,218.1,1514.8,27.9,104.71,3.889,Critical,137
SD-00944,CR-005,CMP-002,2026-09-07 23:18,108.61,3.629,33.8,58.3,210.1,1518.4,25.0,108.61,3.629,Critical,135
SD-00945,CR-005,CMP-002,2026-09-08 02:54,104.06,3.525,36.1,64.9,196.2,1522.0,30.7,104.06,3.525,Critical,133
SD-00946,CR-005,CMP-002,2026-09-08 06:30,111.64,3.757,32.1,73.3,199.4,1525.6,28.0,111.64,3.757,Critical,131
SD-00947,CR-005,CMP-002,2026-09-08 10:06,105.97,3.962,35.1,60.0,202.4,1529.2,27.3,105.97,3.962,Critical,128
SD-00948,CR-005,CMP-002,2026-09-08 13:42,103.12,3.777,32.3,56.0,220.0,1532.8,27.0,103.12,3.777,Critical,126
SD-00949,CR-005,CMP-002,2026-09-08 17:18,102.59,3.755,34.2,55.0,212.7,1536.4,25.9,102.59,3.755,Critical,124
SD-00950,CR-005,CMP-002,2026-09-08 20:54,110.16,3.869,32.8,59.0,209.2,1540.0,29.2,110.16,3.869,Critical,122
SD-00951,CR-005,CMP-002,2026-09-09 00:30,105.94,3.767,34.2,59.6,207.3,1543.6,23.8,105.94,3.767,Critical,120
SD-00952,CR-005,CMP-002,2026-09-09 04:06,108.55,3.855,31.7,69.6,210.7,1547.2,25.9,108.55,3.855,Critical,117
SD-00953,CR-005,CMP-002,2026-09-09 07:42,108.38,3.88,35.2,60.3,213.6,1550.8,27.5,108.38,3.88,Critical,115
SD-00954,CR-005,CMP-002,2026-09-09 11:18,107.75,3.544,32.7,68.9,203.9,1554.4,26.8,107.75,3.544,Critical,113
SD-00955,CR-005,CMP-002,2026-09-09 14:54,105.36,3.658,27.4,61.1,211.1,1558.0,27.9,105.36,3.658,Critical,111
SD-00956,CR-005,CMP-002,2026-09-09 18:30,106.24,3.856,37.1,61.2,205.4,1561.6,27.4,106.24,3.856,Critical,109
SD-00957,CR-005,CMP-002,2026-09-09 22:06,108.17,4.072,32.1,62.4,212.7,1565.2,26.0,108.17,4.072,Critical,106
SD-00958,CR-005,CMP-002,2026-09-10 01:42,106.89,3.65,28.7,63.5,206.9,1568.8,28.4,106.89,3.65,Critical,104
SD-00959,CR-005,CMP-002,2026-09-10 05:18,106.92,3.734,33.9,57.1,221.1,1572.4,25.3,106.92,3.734,Critical,102
SD-00960,CR-005,CMP-002,2026-09-10 08:54,106.59,3.734,35.7,60.7,205.9,1576.0,29.7,106.59,3.734,Critical,100
SD-00961,CR-005,CMP-002,2026-09-10 12:30,107.27,3.977,31.1,56.4,210.9,1579.6,27.4,107.27,3.977,Critical,98
SD-00962,CR-005,CMP-002,2026-09-10 16:06,108.89,3.898,34.6,55.5,225.1,1583.2,27.7,108.89,3.898,Critical,95
SD-00963,CR-005,CMP-002,2026-09-10 19:42,109.18,3.795,34.9,56.8,213.6,1586.8,27.3,109.18,3.795,Critical,93
SD-00964,CR-005,CMP-002,2026-09-10 23:18,107.63,4.035,30.3,59.3,213.7,1590.4,32.2,107.63,4.035,Critical,91
SD-00965,CR-005,CMP-002,2026-09-11 02:54,107.33,4.029,33.7,69.8,196.0,1594.0,28.2,107.33,4.029,Critical,89
SD-00966,CR-005,CMP-002,2026-09-11 06:30,103.74,3.574,34.9,62.6,207.7,1597.6,27.8,103.74,3.574,Critical,86
SD-00967,CR-005,CMP-002,2026-09-11 10:06,115.67,3.921,35.5,59.4,212.4,1601.2,27.5,115.67,3.921,Critical,84
SD-00968,CR-005,CMP-002,2026-09-11 13:42,107.01,4.243,37.5,62.5,191.6,1604.8,27.3,107.01,4.243,Critical,82
SD-00969,CR-005,CMP-002,2026-09-11 17:18,114.92,3.945,37.3,67.8,211.8,1608.4,26.3,114.92,3.945,Critical,80
SD-00970,CR-005,CMP-002,2026-09-11 20:54,102.19,4.093,31.6,62.7,200.0,1612.0,27.5,102.19,4.093,Critical,78
SD-00971,CR-005,CMP-002,2026-09-12 00:30,108.48,4.04,30.7,66.8,205.2,1615.6,24.7,108.48,4.04,Critical,75
SD-00972,CR-005,CMP-002,2026-09-12 04:06,108.25,4.015,34.5,67.4,208.1,1619.2,27.8,108.25,4.015,Critical,73
SD-00973,CR-005,CMP-002,2026-09-12 07:42,105.88,4.143,34.6,60.3,194.8,1622.8,30.9,105.88,4.143,Critical,71
SD-00974,CR-005,CMP-002,2026-09-12 11:18,105.69,3.941,35.1,57.2,198.1,1626.4,23.8,105.69,3.941,Critical,69
SD-00975,CR-005,CMP-002,2026-09-12 14:54,110.68,3.958,42.8,58.0,202.6,1630.0,26.9,110.68,3.958,Critical,67
SD-00976,CR-005,CMP-002,2026-09-12 18:30,109.61,3.979,35.8,58.1,198.9,1633.6,24.4,109.61,3.979,Critical,64
SD-00977,CR-005,CMP-002,2026-09-12 22:06,103.56,3.982,33.1,59.5,219.9,1637.2,30.5,103.56,3.982,Critical,62
SD-00978,CR-005,CMP-002,2026-09-13 01:42,108.4,3.801,32.3,59.6,204.7,1640.8,26.6,108.4,3.801,Critical,60
SD-00979,CR-005,CMP-002,2026-09-13 05:18,107.73,4.022,32.1,62.8,212.9,1644.4,26.2,107.73,4.022,Critical,58
SD-00980,CR-005,CMP-002,2026-09-13 08:54,112.66,3.943,29.1,63.5,203.5,1648.0,28.6,112.66,3.943,Critical,56
SD-00981,CR-005,CMP-002,2026-09-13 12:30,103.59,4.309,36.0,56.0,198.2,1651.6,31.3,103.59,4.309,Critical,53
SD-00982,CR-005,CMP-002,2026-09-13 16:06,107.88,3.985,27.2,60.6,208.2,1655.2,29.4,107.88,3.985,Critical,51
SD-00983,CR-005,CMP-002,2026-09-13 19:42,106.34,3.892,35.4,66.0,197.4,1658.8,30.2,106.34,3.892,Critical,49
SD-00984,CR-005,CMP-002,2026-09-13 23:18,110.05,4.294,33.8,51.9,208.8,1662.4,30.1,110.05,4.294,Critical,47
SD-00985,CR-005,CMP-002,2026-09-14 02:54,107.85,4.082,33.5,50.4,223.4,1666.0,26.2,107.85,4.082,Critical,45
SD-00986,CR-005,CMP-002,2026-09-14 06:30,111.46,4.137,37.8,63.6,208.1,1669.6,26.2,111.46,4.137,Critical,42
SD-00987,CR-005,CMP-002,2026-09-14 10:06,112.31,3.879,35.9,57.6,220.0,1673.2,28.3,112.31,3.879,Critical,40
SD-00988,CR-005,CMP-002,2026-09-14 13:42,112.05,4.182,28.7,58.6,215.4,1676.8,28.3,112.05,4.182,Critical,38
SD-00989,CR-005,CMP-002,2026-09-14 17:18,113.51,4.24,31.1,58.8,210.8,1680.4,23.4,113.51,4.24,Critical,36
SD-00990,CR-005,CMP-002,2026-09-14 20:54,114.86,4.256,37.7,55.7,220.0,1684.0,32.5,114.86,4.256,Critical,34
SD-00991,CR-005,CMP-002,2026-09-15 00:30,107.5,4.316,34.0,55.8,213.9,1687.6,29.7,107.5,4.316,Critical,31
SD-00992,CR-005,CMP-002,2026-09-15 04:06,109.42,4.385,29.0,56.0,211.1,1691.2,28.1,109.42,4.385,Critical,29
SD-00993,CR-005,CMP-002,2026-09-15 07:42,109.25,4.341,35.6,65.4,209.0,1694.8,29.2,109.25,4.341,Critical,27
SD-00994,CR-005,CMP-002,2026-09-15 11:18,110.05,4.538,31.6,70.4,210.3,1698.4,25.2,110.05,4.538,Critical,25
SD-00995,CR-005,CMP-002,2026-09-15 14:54,114.7,4.259,36.6,66.9,212.7,1702.0,26.8,114.7,4.259,Critical,23
SD-00996,CR-005,CMP-002,2026-09-15 18:30,113.84,4.25,36.1,53.4,213.6,1705.6,26.7,113.84,4.25,Critical,20
SD-00997,CR-005,CMP-002,2026-09-15 22:06,115.65,4.353,34.7,63.9,202.0,1709.2,31.2,115.65,4.353,Critical,18
SD-00998,CR-005,CMP-002,2026-09-16 01:42,116.62,4.329,38.8,59.7,203.6,1712.8,28.1,116.62,4.329,Critical,16
SD-00999,CR-005,CMP-002,2026-09-16 05:18,112.85,4.221,35.6,63.2,202.0,1716.4,29.0,112.85,4.221,Critical,14
SD-01000,CR-005,CMP-002,2026-09-16 08:54,114.04,4.316,37.5,57.1,213.7,1720.0,25.7,114.04,4.316,Critical,12
